designation,3.4_offset,3.4_snr,4.6_offset,4.6_snr,12_offset,12_snr,22_offset,22_snr,w3w4_centred
J073937.23-363011.8,0.05882419984742392,2010.6060008888837,0.09406602121820684,1423.3293091035928,0.09220355895969806,102.02769301815167,0.2375211864053839,29.75253683468981,True
J221843.61+544715.0,0.13984371574335355,156.29688547488755,0.38886334957499363,142.22048565282313,2.1319553699864926,9.046989367497586,2.3549640956195677,11.065601379489227,True
J102247.90-620315.5,0.0984340647772157,29.432839603705776,0.05130432743103325,22.65445452235391,,0.0,,0.0,False
J024542.12+480837.8,0.022324859193159647,2420.2826756067757,0.12367776936218086,1688.6368714007824,0.18792681129760205,91.89972658508935,1.3508289679779293,21.266413434021814,True
J204142.75+463029.3,1.0733977812210334,13.561451594735377,0.7878413141861387,8.783394044816319,,0.0,,0.0,False
J173224.94-364153.9,0.21552378177413845,58.163504959307474,0.18086706815300857,48.61460760467481,0.4386021219325628,6.157698317249874,2.4090517065988446,3.047413138511564,True
J223949.47+583254.4,0.2691104115568572,753.4704886997653,0.2702475871686839,558.4057573470079,0.7047467496320352,72.29196878134663,0.7915944783265285,9.581232905903304,True
J231201.40+532028.6,0.1277145817374566,1848.1538795088945,0.10758857059374992,1210.3438134362655,1.0979746334114306,37.748582377491495,1.090736661141979,15.273190963045124,True
J124645.61-653628.5,0.41104641363732186,9.13345742119107,0.5225937282801223,7.351428810349991,,0.0,,0.0,False
J223553.38+500414.8,0.316634172701165,1649.6990005995335,0.17282192529628354,2958.7614799334783,0.3294306775649924,440.44953203188743,0.7181725441994781,26.092987887643737,True
J160415.99-562627.3,0.045907421797089114,65.6689347548728,0.047688448579753774,50.45837132153554,0.15965008384329113,7.863898654243643,3.1366783463428964,4.9121683459554655,True
J141909.42-565518.1,0.1796363736729408,588.5996395722192,0.18447593717681693,473.527122921383,0.8705024827797946,15.838821369231148,2.2334218523014613,5.819785242100202,True
J045912.77+165543.8,0.1363982079338434,4540.1344515362225,0.11930948636539879,1935.1494091883517,0.2588289413480246,62.37191587149115,0.42461838133188073,8.967961927073816,True
J220912.52+582025.0,1.0869040492496556,631.4658377641043,0.8393563957183366,481.1376572619491,1.1485422943463217,25.23105381824331,1.6870836403613256,6.870073383669314,True
J033226.58+520357.1,0.12387225030574717,1829.389553706943,0.1737603149941173,1475.2183918007152,0.32281678831750715,132.6112435955072,0.6167182407356855,11.824802818619025,True
