designation,tier,ZooniverseID,SciTeamFollowUp,SciTeamComment,flags,classifiers,state,goodFraction,multiFraction,ovalFraction,emptyFraction,extendedFraction,shiftFraction,Tstar,Tdisk,Lir_Lstar,w1mpro,w1sigmpro,w4mpro,w4sigmpro,w1_w4,w1_w4_sig,w4_snr,dd1_excess_pass,majority_label,volunteer_good
J000904.86+581647.9,B,AWI0004efp,YYES/YYES,"other comments:
SED suggests a possible YSO, Marton YSO Class I/II, H-alpha line present, actual values of its proper motion are higher than their errors suggesting this is not an extra-galactic object, no LC from DSDR2 available, spectral quality unknown, relatively low proper motion < 10 mas/yr
followup justification:
Possible YSO needs spectral typing
flags:
4.1,7.1,8.3","4.1,7.1,8.3",15,complete,0.866666666666667,0.0,0.0666666666666667,0.0,0.0666666666666667,0.0666666666666667,,,,9.649,0.022,5.621,0.033,4.027999999999999,101.56056319978283,32.9,True,good,True
J002142.71+632242.8,B,AWI0000x8m,NotYetVetted,,,15,complete,0.666666666666667,0.0666666666666667,0.0,0.0,0.266666666666667,0.0666666666666667,,,,9.642,0.023,6.807,0.055,2.834999999999999,47.554799121931865,19.740000000000002,True,good,True
J002247.65+611141.0,B,AWI0002v9k,NotYetVetted,,,16,complete,0.5625,0.0625,0.125,0.0,0.3125,0.125,4254.25659462323,,,9.338,0.023,4.914,0.033,4.4239999999999995,109.98307544819457,32.9,True,good,True
J003000.90+652553.2,B,AWI00019ri,YYES/YYES,"other comments:
Class I/II YSO candidate (Marton+, 2016), SED suggests YSO.  H-alpha emission (Barentsen+, 2014).  
followup justification:
Possible YSO disk
flags:
4.2, 7.1","4.2, 7.1",15,complete,1.0,0.0,0.0,0.0,0.0,0.0,,,,9.463,0.023,5.631,0.043,3.831999999999999,78.58136623008693,25.24883720930233,True,good,True
J034930.30+533517.3,B,AWI00034tb,NotYetVetted,,,15,complete,0.933333333333333,0.0,0.0666666666666667,0.0,0.0,0.0,,,,9.331,0.022,4.218,0.026,5.1129999999999995,150.12284911893394,41.75769230769232,True,good,True
J035607.78+413302.0,B,AWI0005mwm,NotYetVetted,,,15,complete,0.6,0.0,0.0666666666666667,0.0666666666666667,0.333333333333333,0.133333333333333,,,,10.667,0.023,6.325,0.057,4.342,70.64132593314181,19.04736842105263,True,good,True
J040818.25+322736.0,B,AWI000631f,YYES/YYES,"other comments:
Probable Ap0V early type Peculiar star with IR excess, never studied: probable debris disk. Clean images.Good Plx and PM. VSX (-). CSDR2: out of range. Doubt Pickles A7III spectral type, given the high trig. parallax - an actual physical measurement, not 
followup justification:
Early type star with debris disk, needs spectral typing
flags:
4.1, 8.1, 8.2",8.1,15,complete,0.6,0.0,0.0666666666666667,0.0,0.333333333333333,0.0,6845.07918886176,216.517268976992,0.0003332493653383,7.088,0.049,5.951,0.056,1.1370000000000005,15.279994676459294,19.387500000000003,True,good,True
J042859.11+362311.0,B,AWI0005mxm,NotYetVetted,,,15,complete,0.533333333333333,0.0,0.133333333333333,0.0,0.266666666666667,0.0666666666666667,,,,9.976,0.022,6.14,0.058,3.836000000000001,61.83880191301756,18.71896551724138,True,good,True
J050228.42+134637.7,B,AWI0005wcw,YYES/YYES,"other comments:
SED suggests new YSOc. VSX (-); CDRS2 tightly constrained Vamp ~ 0.3
followup justification:
Possible new YSOc and debris disk
flags:
7.1",7.1,15,complete,0.933333333333333,0.0,0.0,0.0,0.0666666666666667,0.0,,,,9.217,0.024,4.837,0.032,4.380000000000001,109.50000000000001,33.928125,True,good,True
J053643.61+825703.2,B,AWI0005c2s,YYES/YYES,"other comments:
SED suggests YSO.  Area beyond CSS survey limits.
followup justification:
Possible YSO disk
flags:
7.1",7.1,15,complete,0.866666666666667,0.0,0.0666666666666667,0.0,0.0666666666666667,0.0,,,,10.467,0.023,6.355,0.056,4.112,67.9228838066464,19.387500000000003,True,good,True
J054126.50-085839.4,B,AWI0005wrk,NotYetVetted,,,15,complete,0.933333333333333,0.0,0.0666666666666667,0.0,0.0,0.0666666666666667,,,,10.388,0.023,5.037,0.037,5.351,122.82502096274796,29.343243243243247,True,good,True
J054213.74+084356.4,B,AWI00062us,YYES/,"other comments:
T-tau PMS star, not recognized except as V* V516 Ori. #H-alpha emission; large Vamp like many CTTS; listed as Marton YSOc also. Lambda Orionis member. 
followup justification:
New PMS YSOc with disk, needs spectral typing. 
flags:
4.2, 5.2, 5.5, 7.1, 7.2","5.5,7.1",15,complete,0.866666666666667,0.0,0.0,0.0,0.0666666666666667,0.0666666666666667,,,,9.806,0.021,4.82,0.026,4.985999999999999,149.1851817113752,41.75769230769232,True,good,True
J060138.22-144349.0,B,AWI0005wx5,YYES/YYES,"other comments:
Class I/II YSO candidate (Marton+, 2016), SED suggests YSO.
followup justification:
Possible YSO disk
flags:
4.2, 7.1","4.2, 7.1",15,complete,0.8,0.0666666666666667,0.133333333333333,0.0,0.0666666666666667,0.0666666666666667,,,,9.105,0.023,3.435,0.024,5.67,170.56971345851898,45.237500000000004,True,good,True
J060413.65-071148.3,B,AWI00062qw,YYES/YYES,"other comments:
Probable new PMS YSOc; SED consistent. Slightest extension in W4; thin. CSDR2 no data. VSX (-). Marton YSOc. 
followup justification:
New YSOc with disk, needs spectral typing
flags:
4.2, 8.1, 8.2",8.1,15,complete,0.533333333333333,0.0,0.133333333333333,0.0,0.4,0.0,,,,10.069,0.024,6.531,0.059,3.538000000000001,55.546324213184946,18.40169491525424,True,good,True
J082053.67-622336.3,B,AWI00063iy,YYES/,"other comments:
New B8V or A0V PMS YSOc with Diskc. Very thin, even extension in W4. W3 excess is > 3s. VSX (-); CSDR2 LC: no data, in range. Plx and e_Plx from Gaia. HIP Plx = 1.73 e_Plx [0.54]. Looks like Gaia Plx data is favorable here.
followup justification:
Main Sequence early/PMS YSOc with Diskc, needs spectral typing
flags:
4.1, 8.1, 8.2",8.1,15,complete,0.533333333333333,0.0,0.0,0.0,0.466666666666667,0.0,,,,7.868,0.024,6.896,0.056,0.9720000000000004,15.953731592456299,19.387500000000003,True,good,True
J100129.13-620428.5,B,AWI0004o6q,NotYetVetted,,,15,complete,0.866666666666667,0.0666666666666667,0.0666666666666667,0.0,0.0,0.0,,,,10.36,0.022,4.708,0.021,5.651999999999999,185.83661524997586,51.7,True,good,True
J100928.65-465442.5,B,AWI0005egj,NotYetVetted,,,15,complete,0.8,0.0666666666666667,0.2,0.0666666666666667,0.133333333333333,0.0666666666666667,,,,9.149,0.022,5.317,0.035,3.831999999999999,92.69460733075913,31.02,True,good,True
J114356.05-574245.9,B,AWI0001r8m,NotYetVetted,,,15,complete,0.533333333333333,0.4,0.0,0.0,0.0666666666666667,0.0666666666666667,,,,11.358,0.023,5.242,0.03,6.1160000000000005,161.7898835220453,36.190000000000005,True,good,True
J155252.14-483315.3,B,AWI00025as,NotYetVetted,,,15,complete,0.6,0.2,0.0,0.0,0.4,0.0,,,,9.889,0.023,4.836,0.021,5.052999999999999,162.24205220951387,51.7,True,good,True
J161205.04-204340.7,B,AWI0005cgn,YYES/YYES,"other comments:
YSO with evovled disk in Upper Sco (Rizzuto+, 2015).  Kepler / K2 target (Huber+, 2016).  Slightly extended in DD WISE 4, but WISE 3 excess present.
followup justification:
Know YSO disk, needs better spectral type
flags:
4.2, 7.1, 7.2","4.2, 7.1, 7.2",15,complete,0.733333333333333,0.0,0.0666666666666667,0.0,0.133333333333333,0.0666666666666667,2291.69771439954,1122.00565680634,0.537173293975105,8.91,0.023,5.931,0.058,2.979,47.74504437927927,18.71896551724138,True,good,True
J162217.77-574305.4,B,AWI0004pu9,NotYetVetted,,,15,complete,0.666666666666667,0.266666666666667,0.0666666666666667,0.0,0.0,0.0666666666666667,,,,8.158,0.023,2.701,0.022,5.456999999999999,171.45463541108668,49.35000000000001,True,good,True
J211030.94+474132.1,B,AWI0002uxa,NotYetVetted,,,15,complete,0.6,0.0666666666666667,0.133333333333333,0.0,0.266666666666667,0.0666666666666667,,,,6.245,0.038,5.347,0.031,0.8979999999999997,18.311283911924864,35.02258064516129,True,good,True
J000432.31+580853.9,C,AWI0004efm,YYES/YYES,"other comments:
New YSOc with no data in books except Marton+,(2016). CSDR2 out of range. VSX (-). Flipbook images clean as can be.
followup justification:
New YSOc with disk. Needs spectral typing.
flags:
4.2, 5.2, 7.1","4.2, 5.2, 7.1",15,complete,0.8,0.0666666666666667,0.0,0.0,0.133333333333333,0.0,,,,11.442,0.023,6.38,0.047,5.062,96.73985206395415,23.1,True,good,True
J002317.87+601408.2,C,AWI0003lsa,YYES/YYES,"other comments:
new Vega type early type YSOc with Diskc.
followup justification:
new Ha emission-line YSOc with Diskc
flags:
4.1, 8.1, 8.2",8.1,15,complete,0.666666666666667,0.0,0.133333333333333,0.0,0.333333333333333,0.0,,,,6.803,0.058,6.003,0.04,0.7999999999999998,11.354659116073188,27.142500000000002,True,good,True
J010054.10+550400.0,C,AWI0005msh,NotYetVetted,,,15,complete,0.666666666666667,0.0,0.0666666666666667,0.0,0.2,0.133333333333333,,,,9.725,0.023,5.528,0.028,4.197,115.826146080086,38.775000000000006,True,good,True
J020111.40+612843.7,C,AWI0002ox8,NotYetVetted,,,2,paused,0.5,0.0,0.0,0.0,0.5,0.0,,,,8.658,0.022,6.133,0.049,2.5249999999999995,47.009807597974834,22.15714285714286,True,good,False
J023507.40-350842.6,C,AWI00008i6,NotYetVetted,,,21,complete,0.666666666666667,0.0476190476190476,0.142857142857143,0.0476190476190476,0.0952380952380952,0.0952380952380952,,,,13.804,0.025,6.493,0.049,7.311,132.90530672320187,22.15714285714286,True,good,True
J031229.54+563800.0,C,AWI0002vc3,NotYetVetted,,,15,complete,0.933333333333333,0.0,0.0666666666666667,0.0,0.0,0.0666666666666667,,,,10.424,0.024,4.896,0.033,5.528,135.47554769781894,32.9,True,good,True
J032820.14+585156.1,C,AWI0000zjx,NotYetVetted,,,15,complete,0.6,0.0666666666666667,0.2,0.0,0.133333333333333,0.0,,,,10.694,0.023,5.648,0.057,5.046000000000001,82.09491724058815,19.04736842105263,True,good,True
J033359.90+564753.9,C,AWI0000xcp,YYES/YYES,"other comments:
Class III / more evolved YSO candidate (Marton+, 2016).  H-alpha emission (Barentsen+, 2014).
followup justification:
Possible YSO disk, needs spectral type
flags:
4.2, 5.2, 7.1","4.2, 5.2, 7.1",15,complete,0.8,0.0,0.133333333333333,0.0,0.0,0.133333333333333,,,,10.523,0.023,5.968,0.047,4.555,87.05057806228983,23.1,True,good,True
J035056.00-204815.9,C,AWI00062bx,NotYetVetted,,,15,complete,0.866666666666667,0.0,0.133333333333333,0.0,0.0,0.0,,,,9.66,0.022,5.368,0.04,4.292,94.01796700100422,27.142500000000002,True,good,True
J040219.09+324015.1,C,AWI000631s,YYES/YYES,"other comments:
Classic SED for new YSOc. High IRx. CSDR2: Vamp ~ 0.5 few data; VSX (-). Marton YSOc.
followup justification:
New YSO with disk, needs spectral typing 
flags:
4.2, 7.1","4.2, 7.1",15,complete,0.866666666666667,0.0,0.0,0.0,0.133333333333333,0.0,,,,10.519,0.023,5.989,0.047,4.53,86.57280321013677,23.1,True,good,True
J042130.86+353538.7,C,AWI0006318,NotYetVetted,,,15,complete,0.8,0.0666666666666667,0.0,0.0,0.133333333333333,0.0,,,,7.0,0.044,5.849,0.052,1.1509999999999998,16.89726181653559,20.87884615384616,True,good,True
J042541.31+353718.9,C,AWI0005mxc,YYES/YYES,"other comments:
YSO candidate in Taurus-Auriga (Rebull+, 2011), T Tauri candidate (Takita+, 2010).  Marton class I/II YSO candidate.   Little info about disk / IR excess.
followup justification:
Possible YSO disk
flags:
4.2, 7.1, 7.2","4.2, 7.1, 7.2",15,complete,1.0,0.0,0.0,0.0,0.0,0.0,,,,9.102,0.023,3.779,0.029,5.323,143.81234985495135,37.43793103448276,True,good,True
J051242.95+240737.3,C,AWI0005mzy,NotYetVetted,,,15,complete,0.933333333333333,0.0666666666666667,0.0,0.0,0.0,0.0,,,,7.846,0.026,6.0,0.053,1.846,31.270174549493813,20.48490566037736,True,good,True
J051245.22+084035.1,C,AWI0005wda,NotYetVetted,,,15,complete,0.533333333333333,0.4,0.0666666666666667,0.0,0.2,0.0,,,,10.85,0.023,6.331,0.06,4.518999999999999,70.32664506813269,18.095000000000002,True,good,True
J051440.43+412423.2,C,AWI0000zkz,NotYetVetted,,,15,complete,0.733333333333333,0.0666666666666667,0.133333333333333,0.133333333333333,0.0,0.0,,,,5.95,0.098,4.929,0.029,1.021,9.990138747167107,37.43793103448276,True,good,True
J051740.83+090514.5,C,AWI0005wdq,YYES/YYES,"other comments:
SED suggests YSO 
followup justification:
possible YSO disk
flags:
8.1",8.1,15,complete,0.666666666666667,0.2,0.0666666666666667,0.0,0.0666666666666667,0.0,,,,9.558,0.023,5.032,0.032,4.526,114.84942408428503,33.928125,True,good,True
J052441.03+015438.5,C,AWI0005wei,NotYetVetted,,,15,complete,0.6,0.333333333333333,0.0,0.0,0.0,0.0666666666666667,,,,9.621,0.022,5.163,0.036,4.458,105.66473373390095,30.15833333333334,True,good,True
J052923.93+115157.5,C,AWI00062yx,NotYetVetted,,,15,complete,0.8,0.0,0.133333333333333,0.0,0.0666666666666667,0.0,,,,7.465,0.032,3.527,0.024,3.9379999999999997,98.44999999999999,45.237500000000004,True,good,True
J053135.16+095155.4,C,AWI00062yh,NotYetVetted,,,15,complete,0.933333333333333,0.0,0.0,0.0,0.0666666666666667,0.0,,,,10.803,0.024,3.392,0.024,7.411000000000001,218.34868147389605,45.237500000000004,True,good,True
J053300.77-003620.8,C,AWI0005wh3,YYES/,"other comments:
Class I/II YSO candidate (Koenig+, 2015 & Marton+, 2016).  EW variable, Vamp = 0.314 (VSX); EW = W Ursae Majoris-type eclipsing variable.  H-alpha emission (Wiramihardja+, 1993).  ROSAT source.   Member Collinder 70 cluster (Dias+, 2014).
followup justification:
Possible YSO disk
flags:
4.2, 5.2, 7.1, 7.2","4.2, 5.2, 7.1, 7.2",15,complete,0.933333333333333,0.0,0.0666666666666667,0.0,0.0,0.0,,,,8.543,0.022,4.816,0.03,3.7269999999999994,100.18238065180714,36.190000000000005,True,good,True
J053649.00-055649.2,C,AWI0005wlc,NotYetVetted,,,15,complete,0.6,0.0,0.0666666666666667,0.0,0.333333333333333,0.133333333333333,,,,11.164,0.024,5.844,0.048,5.319999999999999,99.13234700249066,22.618750000000002,True,good,True
J053931.97+231520.7,C,AWI0004ek1,YES/,"other comments:
SED suggests YSO
followup justification:
Possible YSO disk
flags:
7.1",7.1,15,complete,0.733333333333333,0.0666666666666667,0.133333333333333,0.0,0.0,0.0666666666666667,,,,9.439,0.023,3.937,0.024,5.502000000000001,165.51579602271104,45.237500000000004,True,good,True
J055103.61+082048.8,C,AWI0005n1t,NotYetVetted,,,15,complete,0.866666666666667,0.0,0.133333333333333,0.0,0.0,0.0666666666666667,,,,12.29,0.024,5.356,0.035,6.933999999999999,163.39056739142885,31.02,True,good,True
J060112.05-095712.3,C,AWI0005wx1,YYES/YYES,"other comments:
SED suggests YSO, YSO candidate (Marton+, 2016).  Vamp ~1.5 based on LC from CSDR2
followup justification:
Possible YSO disk, needs spectral type
flags:
4.2, 7.1","4.2, 7.1",15,complete,0.6,0.0,0.2,0.0,0.0666666666666667,0.133333333333333,,,,11.127,0.023,5.583,0.042,5.5440000000000005,115.77670735507824,25.85,True,good,True
J060345.82-093605.2,C,AWI00062r0,NotYetVetted,,,15,complete,0.533333333333333,0.2,0.0666666666666667,0.0,0.333333333333333,0.0666666666666667,,,,10.854,0.022,6.844,0.075,4.009999999999999,51.3049548855611,14.476000000000003,True,good,True
J060417.81-100334.9,C,AWI00062qv,YYES/YYES,"other comments:
Ori OB1 associated PMS new YSOc B7 [D]. needs better spectral typing. Images are flawless, CSDR2 fairly good contraint; VSX (-). Marton YSOc. 
followup justification:
PMS YSO with disk. Needs spectral typing. 
flags:
4.2, 5.5, 7.2, 8.1, 8.2",7.2,15,complete,0.8,0.0,0.2,0.0,0.0666666666666667,0.0,5531.52705758642,595.496578609131,0.591488863576881,8.69,0.023,3.304,0.019,5.385999999999999,180.53913018536974,57.1421052631579,True,good,True
J060423.43-064230.0,C,AWI00062qu,NotYetVetted,,,15,complete,0.6,0.133333333333333,0.0666666666666667,0.0,0.4,0.0,,,,10.729,0.023,6.648,0.079,4.0809999999999995,49.59892462025731,13.743037974683546,True,good,True
J060835.10+223702.0,C,AWI0000zsr,NotYetVetted,,,15,complete,0.733333333333333,0.0666666666666667,0.0666666666666667,0.0,0.133333333333333,0.0,,,,6.111,0.104,4.673,0.028,1.4379999999999997,13.351494814930028,38.775000000000006,True,good,True
J061341.92-062321.1,C,AWI000637t,YES/,"other comments:
New YSOc with disk with high IRxs. Images clean; CSDR2: tight enough. VSX (-). Marton YSOc. 
followup justification:
New YSOc with disk need spectral typing
flags:
4.2, 7.1","4.2, 7.1",15,complete,0.8,0.0,0.2,0.0,0.0666666666666667,0.0,,,,10.759,0.023,6.403,0.063,4.356000000000001,64.94984897042156,17.233333333333334,True,good,True
J061434.48+182828.3,C,AWI0000xf5,NotYetVetted,,,15,complete,0.533333333333333,0.0666666666666667,0.2,0.0,0.333333333333333,0.0,,,,8.304,0.023,6.454,0.083,1.8500000000000005,21.47970506888584,13.080722891566266,True,good,True
J061602.04+142902.1,C,AWI0002vf2,NotYetVetted,,,15,complete,0.933333333333333,0.0,0.0666666666666667,0.0,0.0,0.0,,,,10.573,0.023,4.866,0.036,5.707000000000001,133.59076540966345,30.15833333333334,True,good,True
J063209.81+022451.3,C,AWI00042av,NotYetVetted,,,15,complete,0.8,0.0666666666666667,0.0666666666666667,0.0,0.0,0.0666666666666667,,,,11.472,0.022,4.633,0.026,6.8389999999999995,200.79995406305284,41.75769230769232,True,good,True
J063616.10-012017.9,C,AWI00042b0,NotYetVetted,,,15,complete,0.8,0.0666666666666667,0.0,0.0666666666666667,0.133333333333333,0.133333333333333,,,,6.744,0.07,6.15,0.047,0.5939999999999994,7.045019310704404,23.1,True,good,True
J064131.36-230610.6,C,AWI00063an,NotYetVetted,,,15,complete,0.666666666666667,0.0666666666666667,0.2,0.0,0.0,0.0666666666666667,,,,6.384,0.088,5.574,0.04,0.8100000000000005,8.37950962209898,27.142500000000002,True,good,True
J064519.68-421003.7,C,AWI0005wzw,NotYetVetted,,,15,complete,0.733333333333333,0.0,0.133333333333333,0.0,0.133333333333333,0.133333333333333,,,,5.765,0.099,3.807,0.019,1.9579999999999997,19.423303315114314,57.1421052631579,True,good,True
J065537.52-080600.0,C,AWI0003m2r,NotYetVetted,,,15,complete,0.666666666666667,0.133333333333333,0.0,0.0,0.133333333333333,0.0666666666666667,,,,10.947,0.022,6.211,0.05,4.735999999999999,86.69863987108434,21.714000000000002,True,good,True
J072224.82-243058.7,C,AWI0004enh,YYES/,"other comments:
Decent PM 23.5 on YSOc with Diskc. Images clean. VSX (-); CSDR2 LC: no data.
followup justification:
YSOc with Diskc. Needs spectral typing.
flags:
4.2, 4.3, 7.1","4.4,7.1",15,complete,0.666666666666667,0.0666666666666667,0.2,0.0,0.2,0.0666666666666667,,,,9.331,0.022,3.733,0.019,5.597999999999999,192.5770544314434,57.1421052631579,True,good,True
J072358.68+055252.8,C,AWI0005ea6,NotYetVetted,,,15,complete,0.6,0.333333333333333,0.133333333333333,0.0,0.133333333333333,0.0666666666666667,,,,6.412,0.076,4.883,0.033,1.529,18.453859707166135,32.9,True,good,True
J073625.23-615225.8,C,AWI0005x2d,NotYetVetted,,,15,complete,0.666666666666667,0.0666666666666667,0.133333333333333,0.0,0.2,0.133333333333333,,,,7.444,0.033,6.984,0.062,0.45999999999999996,6.549411438329878,17.511290322580646,True,good,True
J074906.00-310742.6,C,AWI0003m6s,NotYetVetted,,,15,complete,0.6,0.0666666666666667,0.266666666666667,0.0,0.2,0.0666666666666667,,,,6.321,0.093,4.65,0.028,1.6709999999999994,17.20487543661262,38.775000000000006,True,good,True
J075010.83-283151.6,C,AWI0002vhl,NotYetVetted,,,15,complete,0.533333333333333,0.133333333333333,0.0666666666666667,0.0,0.4,0.0,,,,9.296,0.023,7.007,0.086,2.2889999999999997,25.71260967949322,12.624418604651165,True,good,True
J080739.87-532923.9,C,AWI00063i5,NotYetVetted,,,15,complete,0.533333333333333,0.0,0.133333333333333,0.0,0.466666666666667,0.0,,,,8.327,0.023,7.575,0.088,0.7519999999999998,8.267730819263196,12.337500000000002,True,good,True
J081024.33-104650.3,C,AWI000562b,NotYetVetted,,,15,complete,0.6,0.333333333333333,0.0666666666666667,0.0,0.0,0.0,,,,6.672,0.075,4.986,0.035,1.686,20.370996987093566,31.02,True,good,True
J081345.91+381049.7,C,AWI000074b,NotYetVetted,,,12,disabled,0.666666666666667,0.0,0.333333333333333,0.0,0.0,0.0,,,,13.224,0.025,7.151,0.099,6.073,59.47636538589588,10.966666666666667,True,good,True
J082106.35-125651.6,C,AWI000562p,NotYetVetted,,,15,complete,0.8,0.0,0.0666666666666667,0.0,0.133333333333333,0.0,,,,5.997,0.105,4.135,0.026,1.862,17.213460487271067,41.75769230769232,True,good,True
J084110.89-304021.5,C,AWI0002dcl,NotYetVetted,,,15,complete,0.8,0.0666666666666667,0.0666666666666667,0.0666666666666667,0.0,0.0,,,,6.233,0.097,5.694,0.044,0.5389999999999997,5.060419435736481,24.675000000000004,True,good,True
J084447.28-455855.3,C,AWI0003d10,NotYetVetted,,,15,complete,0.733333333333333,0.2,0.133333333333333,0.0666666666666667,0.0666666666666667,0.0666666666666667,,,,7.28,0.032,4.964,0.028,2.316,54.46773827941028,38.775000000000006,True,good,True
J084748.55-444117.6,C,AWI000351v,NotYetVetted,,,15,complete,0.666666666666667,0.0666666666666667,0.133333333333333,0.0666666666666667,0.133333333333333,0.0666666666666667,,,,11.943,0.023,7.178,0.091,4.765,50.76623441014856,11.930769230769233,True,good,True
J084845.54-460509.4,C,AWI0002vjw,NotYetVetted,,,15,complete,0.8,0.0666666666666667,0.0666666666666667,0.0,0.0666666666666667,0.0666666666666667,2945.272482397,667.018537353797,0.0568168814978726,8.751,0.022,6.185,0.053,2.566,44.71577751964235,20.48490566037736,True,good,True
J084935.85-494920.0,C,AWI00042ku,NotYetVetted,,,15,complete,0.666666666666667,0.0666666666666667,0.0666666666666667,0.0,0.133333333333333,0.0666666666666667,,,,10.722,0.023,4.652,0.031,6.069999999999999,157.25177520577986,35.02258064516129,True,good,True
J085640.46-475229.3,C,AWI0003d24,NotYetVetted,,,15,complete,0.6,0.266666666666667,0.133333333333333,0.133333333333333,0.133333333333333,0.0666666666666667,6686.73452968453,3828.07760258706,,10.847,0.023,4.385,0.027,6.462,182.19087982981958,40.211111111111116,True,good,True
J085845.20-441027.7,C,AWI0000zxw,YYES/YYES,"other comments:
New K subgiant YSOc with Diskc.  Marton YSO class I/II.  Clean images.  Variable, Vamp = 0.9 (VSX).  
followup justification:
New K Subgiant YSOc with Diskc
flags:
4.2, 4.3, 7.1","4.4,7.1",15,complete,1.0,0.0,0.0,0.0,0.0,0.0,,,,9.72,0.023,5.278,0.034,4.442000000000001,108.21279179748272,31.93235294117647,True,good,True
J092254.75-554411.9,C,AWI00042oo,NotYetVetted,,,15,complete,0.733333333333333,0.0666666666666667,0.133333333333333,0.0,0.2,0.0,7932.7245841573,1165.43868741495,0.0158631586641617,8.113,0.023,6.457,0.049,1.6559999999999997,30.593313864998677,22.15714285714286,True,good,True
J093351.35+144600.0,C,AWI0005dm8,NotYetVetted,,,15,complete,0.866666666666667,0.0,0.0666666666666667,0.0,0.133333333333333,0.0666666666666667,,,,6.618,0.076,5.948,0.052,0.6699999999999999,7.2757350662814115,20.87884615384616,True,good,True
J093826.24-570244.6,C,AWI00042qg,NotYetVetted,,,15,complete,0.6,0.266666666666667,0.133333333333333,0.0,0.0,0.0666666666666667,,,,11.244,0.022,5.672,0.037,5.572,129.44145859597634,29.343243243243247,True,good,True
J094608.30+035750.2,C,AWI0005dmh,YYES/YYES,"other comments:
Plx and PM from Gaia.  Detached eclipsing binary / ED or ESD variable, Vamp = 0.14 (VSX).  Wealine T Tauri, Vamp = 0.165 (Richards+, 2012).  Vamp ~ 3.5 based on LC from CSDR2.  White dwarf / spec. type DA1/K4V (Pickles+, 2010).  
followup justification:
Possible debris disk (Should probably be on A star list).
flags:
6.4, 8.2","6.4, 8.2",15,complete,0.866666666666667,0.0666666666666667,0.0666666666666667,0.133333333333333,0.0666666666666667,0.0666666666666667,,,,7.798,0.027,4.295,0.026,3.503,93.45487806891327,41.75769230769232,True,good,True
J094752.64-402723.4,C,AWI0005658,NotYetVetted,,,15,complete,0.8,0.0,0.133333333333333,0.0,0.0666666666666667,0.0,,,,6.588,0.077,5.343,0.039,1.245,14.424182714450959,27.83846153846154,True,good,True
J095436.27+452108.6,C,AWI0000uyj,NotYetVetted,,,18,complete,0.5,0.0,0.166666666666667,0.0,0.333333333333333,0.0,,,,15.259,0.036,6.941,0.085,8.318000000000001,90.11013355590856,12.772941176470589,True,good,False
J114518.15-541644.5,C,AWI0005ema,NotYetVetted,,,15,complete,0.866666666666667,0.0,0.133333333333333,0.0,0.0666666666666667,0.0666666666666667,,,,6.679,0.069,6.246,0.046,0.43299999999999983,5.221417064467915,23.60217391304348,True,good,True
J114741.84-685910.2,C,AWI0004ojn,NotYetVetted,,,15,complete,0.533333333333333,0.0,0.2,0.0,0.266666666666667,0.0,,,,7.964,0.023,7.494,0.087,0.47000000000000064,5.222867060432038,12.479310344827589,True,good,True
J124350.99-630514.7,C,AWI0002q5z,NotYetVetted,,,15,complete,0.533333333333333,0.266666666666667,0.133333333333333,0.0,0.133333333333333,0.0,,,,7.114,0.028,5.116,0.028,1.9980000000000002,50.45711960038293,38.775000000000006,True,good,True
J130945.88-620503.5,C,AWI0000yvy,NotYetVetted,,,15,complete,0.666666666666667,0.2,0.0,0.0,0.2,0.0,,,,10.372,0.025,6.376,0.057,3.9959999999999996,64.20157337439686,19.04736842105263,True,good,True
J131116.87-663822.1,C,AWI000441g,NotYetVetted,,,15,complete,0.666666666666667,0.266666666666667,0.0666666666666667,0.0,0.0,0.0,,,,6.313,0.081,0.824,0.016,5.489,66.48085309819389,67.85625,True,good,True
J131335.67-602451.8,C,AWI0001bho,NotYetVetted,,,4,paused,0.5,0.25,0.0,0.0,0.25,0.0,,,,7.206,0.027,5.702,0.038,1.5040000000000004,32.26398247453885,28.57105263157895,True,good,False
J133901.74-240113.9,C,AWI00003bq,NotYetVetted,,,21,complete,0.666666666666667,0.0,0.142857142857143,0.0,0.142857142857143,0.142857142857143,,,,12.431,0.024,6.226,0.051,6.204999999999999,110.08627543445428,21.28823529411765,True,good,True
J162313.17+440828.2,C,AWI0005dtm,NotYetVetted,,,15,complete,0.933333333333333,0.0,0.0,0.0,0.0666666666666667,0.0,,,,7.162,0.03,6.148,0.038,1.0140000000000002,20.943976953970907,28.57105263157895,True,good,True
J164353.78-185712.0,C,AWI0005ban,NotYetVetted,,,15,complete,0.8,0.0666666666666667,0.0666666666666667,0.0,0.0666666666666667,0.0,,,,11.622,0.023,0.918,0.011,10.704,419.84542210382443,98.70000000000002,True,good,True
J171623.90-234337.7,C,AWI0005hsh,NotYetVetted,,,15,complete,0.733333333333333,0.133333333333333,0.133333333333333,0.0,0.0,0.0,,,,6.149,0.09,5.63,0.039,0.5190000000000001,5.29123743928723,27.83846153846154,True,good,True
J172638.16-634854.0,C,AWI0005xhj,NotYetVetted,,,15,complete,0.6,0.133333333333333,0.0666666666666667,0.0,0.133333333333333,0.0666666666666667,,,,6.841,0.07,5.948,0.041,0.8929999999999998,11.007926306722297,26.48048780487805,True,good,True
J173202.87+024925.5,C,AWI0005bkk,NotYetVetted,,,15,complete,0.666666666666667,0.0666666666666667,0.0666666666666667,0.0666666666666667,0.333333333333333,0.0666666666666667,,,,7.397,0.035,6.709,0.09,0.6880000000000006,7.124657933560136,12.063333333333334,True,good,True
J174106.39-340706.2,C,AWI0003hfh,NotYetVetted,,,15,complete,0.6,0.4,0.0666666666666667,0.0,0.133333333333333,0.0,,,,7.287,0.039,5.145,0.037,2.1420000000000003,39.84469851812159,29.343243243243247,True,good,True
J181419.44-360126.6,C,AWI0005rds,NotYetVetted,,,15,complete,0.533333333333333,0.4,0.0666666666666667,0.0,0.0666666666666667,0.0,,,,7.898,0.026,5.489,0.037,2.409,53.27091345236065,29.343243243243247,True,good,True
J181649.79-240534.1,C,AWI0004ago,NotYetVetted,,,15,complete,0.6,0.266666666666667,0.0,0.0,0.133333333333333,0.0,,,,7.268,0.029,5.085,0.035,2.183,48.02734478448121,31.02,True,good,True
J181734.58-070209.7,C,AWI0002af6,YYES/,"other comments:
SED suggests YSO and IR excess supports. CSDR2: Vamp= ~ 0.5, VSX (-).
followup justification:
 New YSOc with diskc.  
flags:
4.2, 4.3, 7.1","4.4,7.1",15,complete,0.533333333333333,0.333333333333333,0.133333333333333,0.0,0.0,0.0,,,,8.964,0.023,4.766,0.025,4.198,123.57753549504645,43.428000000000004,True,good,True
J184211.26+164621.5,C,AWI0005lei,NotYetVetted,,,2,paused,0.5,0.5,0.0,0.0,0.0,0.0,,,,6.707,0.06,4.587,0.031,2.12,31.391048708962472,35.02258064516129,True,good,False
J184546.38+071311.9,C,AWI0002b29,NotYetVetted,,,15,complete,0.666666666666667,0.0,0.2,0.0,0.0,0.133333333333333,,,,5.75,0.103,5.173,0.039,0.577,5.238963982590652,27.83846153846154,True,good,True
J192307.31-120910.4,C,AWI00066i6,NotYetVetted,,,15,complete,0.533333333333333,0.466666666666667,0.0,0.0,0.0,0.0,,,,6.221,0.098,5.125,0.031,1.096,10.662911470243165,35.02258064516129,True,good,True
J195912.40+423311.8,C,AWI0002ni8,NotYetVetted,,,15,complete,0.8,0.0,0.0666666666666667,0.0,0.133333333333333,0.0666666666666667,,,,6.581,0.072,5.818,0.044,0.7630000000000008,9.042417209395076,24.675000000000004,True,good,True
J201719.79+355642.8,C,AWI0005560,YYES/YYES,"other comments:
new Ha emission-line YSOc with Diskc
followup justification:
new YSOc with Diskc
flags:
7.1",7.1,15,complete,0.6,0.266666666666667,0.0666666666666667,0.0,0.2,0.0,,,,9.39,0.023,5.293,0.038,4.097,92.23641641415001,28.57105263157895,True,good,True
J202348.86+392910.0,C,AWI000196q,NotYetVetted,,,15,complete,0.6,0.0,0.0,0.0,0.4,0.0,,,,10.101,0.023,4.962,0.032,5.139000000000001,130.40459354156891,33.928125,True,good,True
J203220.57+345158.6,C,AWI00041cl,NotYetVetted,,,15,complete,0.6,0.4,0.0,0.0,0.2,0.0,,,,6.249,0.099,5.576,0.039,0.673,6.32489745824144,27.83846153846154,True,good,True
J205120.98+442619.5,C,AWI00055dl,NotYetVetted,,,15,complete,0.6,0.0,0.133333333333333,0.0666666666666667,0.2,0.0666666666666667,,,,9.173,0.023,4.959,0.03,4.214,111.47524021613782,36.190000000000005,True,good,True
J205308.70+202237.6,C,AWI0005ycu,YYES/YYES,"other comments:
Class I/II YSO candidate (Marton+, 2016), SED suggests YSO.  Area not covered by CSS data.
followup justification:
Possible YSO disk
flags:
4.2, 7.1","4.2, 7.1",15,complete,0.8,0.0666666666666667,0.0,0.0,0.0666666666666667,0.0,,,,8.161,0.024,2.47,0.021,5.690999999999999,178.4547487323684,51.7,True,good,True
J205902.82+754529.3,C,AWI0005c0b,YYES/YYES,"other comments:
SED suggests YSO, class I/II YSO candidate in Marton+, 2016.  Beyond CSS survey limits.
followup justification:
Possible YSO disk, needs spectral type
flags:
4.2, 7.1","4.2, 7.1",15,complete,0.733333333333333,0.0,0.0,0.133333333333333,0.0666666666666667,0.133333333333333,2177.16723628565,205.198259078238,0.096577499770374,9.984,0.022,5.754,0.034,4.23,104.4524048456941,31.93235294117647,True,good,True
J210145.41+494801.3,C,AWI0001pv8,NotYetVetted,,,15,complete,0.6,0.4,0.0666666666666667,0.0,0.0666666666666667,0.0,,,,10.788,0.023,6.547,0.055,4.2410000000000005,71.13929561767658,19.740000000000002,True,good,True
J212617.91+404550.1,C,AWI0005vyg,YYES/YYES,"other comments:
Class III / more evolved YSO candidate in Marton+, 2016.  Area not covered by CSS data.
followup justification:
Possible YSO disk, needs spectral type
flags:
4.2, 8.3","4.2, 8.3",15,complete,0.8,0.0,0.0,0.0,0.133333333333333,0.0666666666666667,,,,8.042,0.022,6.574,0.054,1.468,25.1759922989203,20.105555555555558,True,good,True
J212951.14+545548.6,C,AWI0001q1m,NotYetVetted,,,15,complete,0.6,0.4,0.0,0.0,0.0,0.0,,,,8.738,0.021,4.723,0.028,4.015,114.7142857142857,38.775000000000006,True,good,True
J215348.09+623651.9,C,AWI0002oee,NotYetVetted,,,15,complete,0.533333333333333,0.0666666666666667,0.333333333333333,0.0,0.2,0.0666666666666667,5231.55473529772,197.12755992267,0.0002401399297784,6.454,0.074,5.663,0.035,0.7909999999999995,9.662881964894446,31.02,True,good,True
J220044.71-542312.2,C,AWI00062fs,NotYetVetted,,,15,complete,0.733333333333333,0.0666666666666667,0.2,0.0,0.0666666666666667,0.0666666666666667,,,,7.946,0.024,5.893,0.046,2.053,39.56866715603649,23.60217391304348,True,good,True
J223158.92+501736.8,C,AWI0004ycp,NotYetVetted,,,15,complete,0.533333333333333,0.2,0.133333333333333,0.0,0.333333333333333,0.133333333333333,,,,8.505,0.023,7.39,0.098,1.115000000000001,11.076584018112854,11.07857142857143,True,good,True
J230446.67+640525.2,C,AWI00023fu,NotYetVetted,,,15,complete,0.6,0.0666666666666667,0.333333333333333,0.0,0.2,0.0,,,,6.046,0.102,5.241,0.029,0.8050000000000006,7.591299927756286,37.43793103448276,True,good,True
J232834.08+490819.6,C,AWI00067ac,NotYetVetted,,,15,complete,0.8,0.133333333333333,0.0666666666666667,0.0,0.0,0.0,3749.30896112669,464.380582123,0.117798834739405,10.547,0.022,5.278,0.03,5.269000000000001,141.63159743879044,36.190000000000005,True,good,True
J233827.08+645438.9,C,AWI00023iz,NotYetVetted,,,15,complete,0.933333333333333,0.0,0.0,0.0,0.0,0.0666666666666667,,,,6.925,0.055,0.898,0.011,6.027,107.45381331616684,98.70000000000002,True,good,True
