designation,n_surveys,surveys,min_sep,periods,classes,ids,period_consistent,period_d,n_independent,ra,dec,allwise_sep,qph,ccf,ex,w3w4_quality_ok,fixed_teff,fixed_chi2_jhkw1,fixed_W3_sigma,fixed_W4_sigma,fixed_W4_ratio,fixed_W2_sigma,fixed_dust_temp,fixed_f_ir,bb_teff,bb_chi2_jhkw1,W2_ratio,W2_sigma,W3_ratio,W3_sigma,W4_ratio,W4_sigma,dust_temp,dust_chi2,ff_alpha,ff_chi2,f_ir,gaia_source,gaia_sep,Gmag,bp_rp,plx,plx_snr,ruwe,gaia_teff,gaia_dist,n_gaia_6as_bright,n_gaia_12as_bright,gaia_12as_flux_frac,tic,Tmag,tic_teff,tic_rad,tic_contratio,tic_lumclass,simbad_id,simbad_otype,simbad_sptype,c_match,c_multi_survey,c_period,c_period_plausible,c_wise_quality,c_ir_excess,c_photosphere,c_dust_over_ff,c_unconfused,c_tess_usable,c_not_extragalactic,c_not_evolved_or_wind,is_yso,score,max_score,tier,fail_reasons,n_tess_sectors,tess_sectors
J064554.20-034641.3,1,tess_ebs,1.004886,4.11876,0.568,168191566,,4.11876,1,101.47583333333333,-3.778138888888889,0.068011,AAAU,0000,0,False,3339.0,57.57444644717651,-3.3765651131677172,8.000217138655573,3.8000739877291125,-5.739319074660016,40.0,3.157810002807666,3800.0,20.10186665249239,0.971789905341331,-1.0505947476309312,1.0125630932223562,0.26413662993901943,4.510721008731142,8.450349504228397,93.0,1.1037732370175206,-0.1,63.63510439775817,0.007406629630464888,3105353958803470464,0.677014,14.240539,2.673457,27.6607,1032.1156716417909,1.113,3087.2,36.1142,0,0,0.0,168191566,13.01,3339.0,0.227,0.0442,DWARF,2MASS J06455419-0346401,HighPM*,,True,False,True,True,False,False,True,True,True,True,True,True,False,12,17,C,multi_survey;wise_quality;ir_excess,,
J171300.99+735604.7,2,asassn;vsx,0.2339298775690214,2.71756;2.7176,EB,ASASSN-V J171300.77+735605.0;J171300.96+735604.9,True,2.71758,1,258.25412499999993,73.9346388888889,0.037367,AAAB,0000,0,True,3391.0,64.40253407802388,-8.395856064141658,-1.2371397129028898,0.7880781572095577,-6.415528269341505,40.0,0.0,3900.0,23.351356021507357,0.962005765263014,-1.4293648304261628,0.960069026184072,-1.5052564895783402,0.9437714682064042,-0.2740956965035604,40.0,4.384009368718694,-0.1,4.384009368718694,0.0,1655309296714529152,0.588613,12.717543,2.57515,31.2153,1669.2673796791441,1.427,3114.8,32.0453,0,0,0.0,441734910,11.505,3391.0,0.358,0.0676,DWARF,PM J17130+7356,HighPM*,M5e,True,False,True,True,True,False,False,False,True,True,True,True,False,12,17,C,multi_survey;ir_excess;photosphere;dust_over_ff,,
J013155.91-004225.4,1,vsx,0.829114,0.351176,EA,SDSS J013155.94-004224.7,,0.351176,1,22.982958333333332,-0.7070555555555555,0.159415,AAAU,0000,0,False,2995.0,83.02577568478112,-2.349582655556081,8.137842770295919,3.9923828223123015,-7.156277240145487,40.0,4.622327091122918,3550.0,9.444757869381183,0.9885409662085685,-0.41952359703823194,1.0959289560703147,1.397599458932424,5.10521113633217,8.730640594219084,132.0,0.17621498762822135,-0.1,56.47396040365254,0.0053778139821604705,2485891341092539648,0.815662,15.275504,3.419886,31.5479,713.7533936651583,1.189,2966.5,31.9435,0,0,0.0,248986951,13.829,2995.0,0.17,0.0243,DWARF,2MASS J01315597-0042237,Low-Mass*,M4.5,True,False,True,True,False,False,False,True,True,True,True,True,False,11,17,C,multi_survey;wise_quality;ir_excess;photosphere,,
J234525.77-402015.7,1,tess_ebs,1.361273,0.887426,0.55,224283342,,0.887426,1,356.357375,-40.337694444444445,0.071139,AAAU,0000,0,False,3165.0,80.07846808193872,-6.35954695429422,2.6864569462216767,1.3287832758912665,-6.029461939901423,40.0,0.4329575624711215,3725.0,16.1175717426474,0.9982093589326383,-0.06492171270364178,1.0301263531328038,0.9622024202129306,1.6587256360134415,4.311757511272487,156.0,0.0042244570747448605,-0.1,8.841818865483637,0.0006793335692548842,6534521406305916928,0.784578,13.637721,3.035986,26.303,1321.7587939698492,1.266,,,0,0,0.0,224283342,12.286,3165.0,0.336,0.0041,DWARF,SIPS J2345-4020,HighPM*,M6,True,False,True,True,False,False,False,True,True,True,True,True,False,11,17,C,multi_survey;wise_quality;ir_excess;photosphere,,
J030402.23+004551.5,1,crts_drake2014,1.364497,2.58549,1,J030402.1+004551,,2.58549,1,46.00929166666667,0.7643055555555556,0.148571,AAAU,0000,0,False,,,,,,,,,3550.0,19.893889687481284,0.9736328785974174,-0.98010036949714,1.062632174244024,0.8204351228822889,6.418215092241784,9.165713841414838,114.0,0.9607009589057847,-0.1,72.2170646722595,0.008638488959514893,3266760032372995072,1.509439,15.515341,3.755487,33.4926,669.852,1.156,,,0,0,0.0,,,,,,,LP  591-256,Low-Mass*,M5.5V,True,False,True,True,False,False,True,True,True,False,True,True,False,10,17,C,multi_survey;wise_quality;ir_excess;tess_usable,,
J000345.79+860641.8,1,tess_ebs,1.805575,13.9182,0.169,461579405,,13.9182,1,0.9407916666666668,86.1116111111111,0.083372,AAAU,0000,0,False,2977.0,133.20661913969607,-2.4997178029940117,7.757572208151969,3.50261230922034,-7.149265161262232,40.0,3.9336458614753624,3700.0,12.461568193508873,1.0217989240666827,0.7720984538971848,1.11621773997367,1.4309377263905105,4.7204070403068235,8.557271831870665,142.0,0.5962652865849399,-0.1,43.005991029276004,0.004073991559454883,574059045248283008,1.044129,15.638167,3.442589,30.8093,1051.5119453924915,1.093,2964.5,32.3361,0,0,0.0,461579405,14.186,2977.0,0.149,0.0183,DWARF,LP    2-291,HighPM*,M6.0,False,False,True,True,False,False,False,True,True,True,True,True,False,10,17,C,match;multi_survey;wise_quality;ir_excess;photosphere,,
J232330.82-280715.4,1,tess_ebs,1.62808,0.402493,0.699,332517282,,0.402493,1,350.8784166666666,-28.120944444444444,0.111802,AAAU,0000,0,False,3052.0,82.43851500635918,-3.764613436348447,6.499736824217501,2.4915777495890623,-7.195922095146626,40.0,2.181923313775812,3575.0,16.424354824415953,0.9740902336230709,-0.9626476905061989,1.04220897734016,0.829656787603394,3.122211712328544,7.379903422751565,128.0,0.9267715975888673,-0.1,38.81986759988901,0.00281185316378872,2330466915715754112,1.011122,14.699331,3.268732,25.6358,1009.2834645669292,1.052,3010.8,38.7555,0,0,0.0,332517282,13.293,3052.0,0.252,0.0018,DWARF,2MASS J23233072-2807141,HighPM*,,False,False,True,True,False,False,False,True,True,True,True,True,False,10,17,C,match;multi_survey;wise_quality;ir_excess;photosphere,,
J054458.10-245611.1,1,tess_ebs,2.661889,4.07704,0.128,32759110,,4.07704,1,86.24208333333333,-24.936416666666663,0.08535,AAAU,0000,0,False,,,,,,,,,3575.0,23.777716531058537,0.9486788424929553,-1.957853957161016,0.9864494516102545,-0.4660756107756469,1.9759792264265443,5.362687861549355,40.0,4.050442182134805,-0.1,29.35849035067206,0.9027412359077741,2915118518547524352,1.514915,13.950467,3.130047,25.5756,1339.0366492146597,1.226,,,0,0,0.0,,,,,,,LP  837-20,EclBin,M4.5Ve,False,False,True,True,False,False,True,True,True,False,True,True,False,9,17,C,match;multi_survey;wise_quality;ir_excess;tess_usable,,
J031523.47-282140.2,1,atlas_heinze2018,0.325967,6.06129,CBF,J048.8478-28.3611,,6.06129,1,48.847791666666666,-28.36116666666667,0.054978,AAAC,ddd0,0,False,3191.0,96.5292699683196,-9.256380489929246,-2.3026081660078583,0.5253611554513541,-7.841516587478144,40.0,0.0,3775.0,29.82061908687325,0.9595031820784515,-1.5274870792916937,0.982309011671163,-0.651789009308941,0.6583074773459481,-1.3228829161482696,40.0,4.508064899895949,-0.1,4.508064899895949,0.0,5059441482935784576,0.399229,13.348335,2.984671,28.6863,1887.2565789473683,1.243,,,0,0,0.0,88570744,12.007,3191.0,0.351,0.0008,DWARF,ASAS J031523-2821.4,EclBin_Candidate,M3.5,True,False,True,False,False,False,False,False,True,True,True,True,False,9,17,C,multi_survey;period_plausible;wise_quality;ir_excess;photosphere;dust_over_ff,,
