designation,survey,sep_arcsec,survey_id,period_d,survey_class
J000345.79+860641.8,tess_ebs,1.805575,461579405,13.9182101,0.169
J064554.20-034641.3,tess_ebs,1.004886,168191566,4.1187613,0.568
J232330.82-280715.4,tess_ebs,1.62808,332517282,0.402493,0.699
J234525.77-402015.7,tess_ebs,1.361273,224283342,0.8874258,0.55
J054458.10-245611.1,tess_ebs,2.661889,32759110,4.0770359,0.128
J013155.91-004225.4,vsx,0.829114,SDSS J013155.94-004224.7,0.3511764,EA
J171300.99+735604.7,vsx,0.978154,ASASSN-V J171300.77+735605.0,2.71756,EB
J031523.47-282140.2,atlas_heinze2018,0.325967,J048.8478-28.3611,6.06129,CBF
J030402.23+004551.5,crts_drake2014,1.364497,J030402.1+004551,2.58549,1
J171300.99+735604.7,asassn,0.2339298775690214,J171300.96+735604.9,2.7176,EB
