TIC,PerSPOCy1,PerSPOCy2,PerSPOCy3,PerSPOCy4,PerQLPy1,PerQLPy2,PerQLPy3,PerQLPy4,score,designation,per_median
305457817.0,,,,,-1.0,,,,1.0,J110427.41-591205.6,-1.0
415238649.0,-1.0,,0.4125822732333817,,12.473910442293489,,0.1718211860750507,,1.0,J123646.27-625411.4,0.2922017296542162
354129146.0,,0.5643690652999497,,,,0.282249394919139,,,1.0,J032639.47+505047.1,0.42330923010954435
285487246.0,,,,,-1.0,,-1.0,,1.0,J153537.33-582002.7,-1.0
52929072.0,0.7808853077781532,,0.7214768781458091,,1.4805170126188314,,1.8426609829041376,,1.0,J082322.90-454510.9,1.1307011601984924
458195065.0,,,34.829960823979306,,-1.0,,17.517413059028193,,1.0,J103738.07-560836.7,17.517413059028193
413284814.0,,,,,16.651136112040287,,16.640703891537903,,2.0,J141909.42-565518.1,16.645920001789094
378848943.0,,,,,2.2133796023853702,,2.215048943583513,,2.0,J102247.90-620315.5,2.2142142729844414
295953805.0,,,,,2.1938655740879933,,2.1940949389135747,,2.0,J092405.70-525157.7,2.193980256500784
160401972.0,,,0.7473663551732043,,0.7177006943670126,,0.7355268603689301,,1.0,J145157.59-404821.0,0.7355268603689301
358977972.0,,1.0578032936269153,,0.28644829908602737,,3.396883487180083,,347.1525676146623,1.0,J185610.37+280703.9,2.227343390403499
266856605.0,,,,,2.9587286074475894,,3.0844226313205088,,1.0,J173224.94-364153.9,3.0215756193840493
280381796.0,,,,,4.567731200126827,,4.568393654430778,,2.0,J112316.23-615156.4,4.568062427278803
76456299.0,,,,,,,,7.23762880853569,1.0,J054741.41+255831.2,7.23762880853569
307878702.0,,,,,4.878150132943566,,4.877096747812137,,2.0,J110859.18-564050.5,4.877623440377851
284443090.0,,22.666287024184538,,,,185.8104009061253,,,1.0,J003939.39+614202.9,104.23834396515491
421726669.0,,,,,,1.6693078028402493,,,1.0,J221843.61+544715.0,1.6693078028402493
365489252.0,,3.2342961827330217,,6.471610178541608,,3.2356106196505894,,6.469761201560475,4.0,J204812.11+495943.7,4.8526859106055324
409130128.0,,,,,8.167747741109551,,4.0856250216281715,,2.0,J071803.81-134138.0,6.126686381368861
372642120.0,,10.596304587975762,,5.298880290617359,,10.596369075521476,,5.298879287764903,4.0,J204531.80+622345.4,7.94759243929656
83219448.0,,,,,,-1.0,,,1.0,J001117.74+642237.7,-1.0
252821942.0,,4.50755801030152,,,,4.505281511436062,,,2.0,J032319.22+512329.3,4.506419760868791
458114381.0,7.144952657001921,,7.1469121183563145,,7.145852002982219,,7.120545240278406,,4.0,J103643.71-591031.7,7.14540232999207
408867810.0,,,,,,,6.120275724837214,,1.0,J174054.53-392556.0,6.120275724837214
458114439.0,,,,,7.1443882073152984,,14.294862223017686,,2.0,J103639.87-591004.6,10.719625215166491
469571651.0,,,,,,0.46707552685779796,,,1.0,J215431.13+535418.2,0.46707552685779796
217634548.0,1.1093345615764099,,1.1094607803316454,,1.1092064448431858,,1.1094259732081222,,3.0,J172330.04-442501.9,1.109380267392266
310118406.0,,,,,0.8421261875256916,,0.8421353363456118,,2.0,J121948.95-603018.3,0.8421307619356517
382744380.0,,,,,12.13528330553323,,12.125891682806088,,2.0,J121405.22-611831.0,12.13058749416966
193762761.0,,,,,,4.881643609519736,,21.630836462770443,1.0,J202516.07+435517.0,13.25624003614509
374422715.0,,,,,11.522592321257596,,4.940045933148396,,1.0,J100028.78-595932.5,8.231319127202996
318849816.0,,,,,,1.8172144885240469,,,1.0,J231908.57+582521.6,1.8172144885240469
63555629.0,,-1.0,,-1.0,,-1.0,,-1.0,3.0,J203357.78+371935.6,-1.0
377480554.0,,,,,6.737613048186126,,3.3686625615400123,,2.0,J101623.03-603638.7,5.053137804863069
269696438.0,,2.978867562491993,,2.9788693837602027,,2.979058057698272,,2.9789964746079467,4.0,J200625.71+681727.6,2.978932929184075
306129373.0,,,,,25.484335498466173,,15.888843063053608,,2.0,J115604.24-635423.3,20.68658928075989
182307712.0,,,,,1.802879815636636,,1.804702719799908,,2.0,J081322.28-382618.0,1.803791267718272
434893323.0,,2.7288827100854376,,,,2.729232981005977,,,2.0,J230402.19+632348.7,2.7290578455457073
46053064.0,,,,2.5021682985316835,,,,2.502295208042507,2.0,J061348.00+183142.5,2.502231753287095
460811412.0,,,,,3.7480765258163817,,3.7477789233005656,,2.0,J124645.61-653628.5,3.7479277245584735
188985004.0,,,,,,,,367.29325023882484,1.0,J203719.87+460042.6,367.29325023882484
10603103.0,,,,,,-1.0,,12.01058881120116,1.0,J015456.05+622300.7,5.50529440560058
136704900.0,,,,12.142523799379752,,12.145687253392225,,12.152944535412637,3.0,J211030.94+474132.1,12.145687253392225
380413183.0,,1.518654073919646,,1.5186137680939662,,1.5185676640504344,,1.5186508830920202,4.0,J201409.95+313816.4,1.5186323255929932
79508775.0,,,,,2.878362406033833,,2.8746546811199267,,2.0,J155027.29-573926.7,2.87650854357688
104909909.0,,2.5727990829589484,,2.5743736688572136,,2.575196969606604,,2.5743902926937383,4.0,J200225.52+354011.3,2.5743819807754758
280379193.0,,,,,16.34214040211149,,22.94967703283125,,2.0,J112306.29-613629.3,19.64590871747137
363184094.0,,,,,,1.3391459355300157,,1.3400401779296105,2.0,J201223.18+290736.9,1.339593056729813
80042405.0,,,2.2174200480491177,,2.219102236647137,,2.2180146156770206,,2.0,J070019.35-220708.5,2.2180146156770206
443340750.0,,,,,7.772406267207407,,1.9428636885144943,,2.0,J094742.50-562630.0,4.85763497786095
451708707.0,,,,,1.9166858868622203,,1.9154888237210148,,2.0,J112938.82-595344.5,1.9160873552916176
132958640.0,9.640135033758282,,9.645867471466774,,9.636027751944873,,-1.0,,2.0,J095652.62-504649.4,9.638081392851578
54788984.0,,,,,,29.847595731478947,,,1.0,J012346.49+614103.0,29.847595731478947
16878120.0,,-1.0,,29.84707748049805,,1.2975719570177342,,0.6428357885206818,1.0,J153046.05+342756.4,0.9702038727692079
424867419.0,,0.814301729073555,,0.814277469303732,,0.8142931121784491,,0.8142885044175454,4.0,J192959.53+491944.5,0.8142908082979973
306130356.0,-1.0,,,,4.649420322605653,,4.644984285420813,,2.0,J115629.70-634732.4,4.644984285420813
31743683.0,,,,,0.327566191581232,,-1.0,,1.0,J031601.05-663411.1,-0.336216904209384
260124686.0,,,,,1.0803442384978992,,1.0801056711778545,,2.0,J084350.70-450605.0,1.0802249548378768
355238126.0,0.3586414717564894,,0.717382231398232,,0.7173007235197013,,0.7172362255441272,,2.0,J084226.53-631033.2,0.7172684745319142
153406662.0,,,,,2.51703665711334,,2.520726357238618,,2.0,J061254.94+090208.8,2.518881507175979
31419868.0,,,-1.0,,,,-1.0,,2.0,J174205.10-420026.2,-1.0
75590050.0,,,,,,,,6.098922186408617,1.0,J054202.60+274614.5,6.098922186408617
373681570.0,,,,,,,38.45931812420597,,1.0,J052432.18-695038.1,38.45931812420597
120372122.0,,,,,0.9558693917558968,,0.9573640840260718,,2.0,J105335.05-533924.1,0.9566167378909842
128127342.0,,,,,11.812560164824815,,,,1.0,J075051.44-262624.7,11.812560164824815
329282432.0,,,,,,3.944740100865252,,,1.0,J221023.53+561257.4,3.944740100865252
282850594.0,,3.4467153028610067,,3.4522617734448056,,3.4516137559220086,,6.913655145415982,4.0,J151811.34+313849.3,3.4519377646834073
277172963.0,,,,,41.16936105669685,,-1.0,,1.0,J053641.71-692248.8,20.084680528348425
380486560.0,3.68749514351498,,15.729269125696122,,0.6832684954342971,,0.6836859074588614,,2.0,J134635.35-620410.0,2.1855905254869206
304944127.0,,,,,1.4190852287996285,,0.7279277974041142,,1.0,J115305.06-602317.4,1.0735065131018713
150636356.0,,,,,3.35323384038853,,1.6761504446658744,,2.0,J171411.65-331557.2,2.514692142527202
311840827.0,,,,,0.8742524530998779,,0.8749386189040347,,2.0,J120618.38-694753.7,0.8745955360019563
380133119.0,,,,,4.7619001300536885,,4.761261117702028,,2.0,J120726.23-604131.7,4.761580623877858
29991286.0,,,,,44.90591463512649,,-1.0,,1.0,J045304.78-670800.5,21.952957317563246
428102518.0,,10.916748213906619,,,,10.916747999284796,,,2.0,J223553.38+500414.8,10.916748106595708
30113254.0,,,,,1.7888554609441938,,1.788673507369625,,2.0,J045439.87-671306.0,1.7887644841569093
437369882.0,,,,,2.2435694769183407,,2.243168850731712,,2.0,J092527.12-572144.1,2.2433691638250264
234735877.0,13.124978531981153,,0.9242130690851048,,13.5261846885753,,2.1078740493861807,,1.0,J062851.66+020820.5,7.616426290683667
174666938.0,,,,,0.9538114201188124,,0.9538986414518816,,2.0,J073937.23-363011.8,0.9538550307853471
264865297.0,28.54186015951174,,0.586412196722958,,32.880644203665966,,0.4236531736420601,,1.0,J075023.45-561932.0,14.564136178117348
31180759.0,,,,,40.252225073908036,,81.23796490608976,,1.0,J050639.16-682209.1,60.7450949899989
422663034.0,,,,,,3.0014206529785286,,3.0016392848549414,2.0,J234016.64+702713.7,3.001529968916735
262574269.0,,,,,0.3557422528625999,,15.275386407735455,,1.0,J073822.57-571443.6,7.815564330299027
309551309.0,,,,,5.6979161603821815,,5.698252086314603,,2.0,J082053.67-622336.3,5.6980841233483925
303026212.0,,,,,0.7072110329450579,,0.7106455074389749,,1.0,J102049.84-673114.1,0.7089282701920164
173756330.0,7.0211774368938205,,1.7539212801133692,,1.7531434895088929,,1.7544178156387311,,2.0,J073130.12-365327.0,1.7541695478760502
238616135.0,,,,,4.931045051091134,,4.93119939676498,,2.0,J080957.52-490820.1,4.931122223928057
59131142.0,,,,1.0226917620364169,,,,1.0227577301465636,2.0,J045912.77+165543.8,1.0227247460914901
