designation,angDist,Jmag,e_Jmag,Hmag,e_Hmag,Kmag,e_Kmag,W1mag,e_W1mag,W2mag,e_W2mag,W3mag,e_W3mag,W4mag,e_W4mag
J201033.47+342310.0,0.0,10.097,0.019,8.634,0.015,7.975,9.998,7.65,0.025,7.798,0.02,7.393,0.02,6.676,0.097
J120743.97-615509.8,0.0,15.165,0.063,13.508,0.034,12.234,0.029,10.773,0.021,10.148,0.02,8.758,0.041,7.26,0.097
J060533.48+221628.8,0.0,9.384,0.041,9.381,0.03,9.4,0.02,9.355,0.023,9.371,0.019,8.914,0.033,6.893,0.109
J061434.48+182828.3,0.0,9.337,0.02,9.027,0.021,8.745,0.017,8.304,0.023,8.041,0.02,7.249,0.02,6.454,0.083
J205143.54+451544.7,0.0,13.541,0.032,11.892,0.032,11.273,0.022,10.824,0.023,10.863,0.021,9.52,0.075,6.832,0.1
J224805.82+594954.3,0.0,16.54,0.144,15.593,0.127,14.431,0.087,13.142,0.027,12.037,0.025,7.974,0.022,5.511,0.035
J080006.97-284829.6,0.0,15.546,0.049,15.074,0.118,14.817,0.136,13.612,0.028,13.033,0.027,8.974,0.03,6.391,0.058
J095103.39-531335.7,0.0,13.261,0.03,12.398,0.03,11.669,0.024,10.509,0.022,9.964,0.021,7.522,0.022,5.433,0.036
J163027.47-472834.2,0.0,13.192,0.024,12.427,0.027,12.213,0.028,11.866,0.069,12.161,0.161,8.892,0.227,6.741,0.102
J175059.60-254042.5,0.0,10.659,0.028,8.826,0.025,7.974,0.026,7.312,0.039,7.142,0.022,6.459,0.021,5.743,0.064
J125047.71-621207.9,0.0,11.388,0.022,9.18,0.022,8.163,0.021,7.538,0.026,7.417,0.02,6.665,0.019,5.711,0.04
J033359.90+564753.9,0.0,10.836,0.022,10.679,0.02,10.608,0.022,10.523,0.023,10.526,0.021,8.98,0.03,5.968,0.047
J202048.83+374548.7,0.0,11.418,0.043,10.667,,9.861,0.016,9.036,0.022,8.491,0.019,6.586,0.015,5.106,0.032
J212921.39+520414.0,0.0,11.66,0.018,11.23,0.017,11.036,0.02,10.925,0.023,10.916,0.021,10.316,0.082,6.938,0.087
J001520.86+631705.6,0.0,15.675,0.059,15.053,0.075,14.659,0.077,14.588,0.028,14.855,0.05,10.372,0.05,7.646,0.099
J002142.71+632242.8,0.0,12.45,0.019,11.584,0.026,10.81,0.021,9.642,0.023,8.971,0.02,7.726,0.019,6.807,0.055
J060937.66+205743.4,0.0,14.798,0.036,14.152,0.034,13.644,0.035,13.048,0.025,12.656,0.026,8.77,0.036,5.271,0.035
J162845.54-474008.1,0.0,11.922,0.027,9.619,0.026,8.311,0.023,7.461,0.029,7.075,0.021,6.136,0.021,5.077,0.06
J130945.88-620503.5,0.0,12.739,0.027,11.972,0.035,11.477,0.031,10.372,0.025,9.77,0.021,7.956,0.04,6.376,0.057
J113228.04-603959.9,0.0,12.617,0.037,12.008,0.037,11.817,0.034,11.529,0.024,11.684,0.025,10.315,0.051,7.69,0.094
J175411.45-241800.7,0.0,11.506,0.028,9.331,0.026,8.3,0.026,7.686,0.027,7.582,0.021,6.51,0.023,5.462,0.049
J190846.30+100140.0,0.0,11.674,0.024,9.829,0.027,8.866,0.023,8.282,0.022,8.167,0.02,7.417,0.021,6.461,0.066
J175043.69-253524.1,0.0,10.487,0.023,8.679,0.038,7.687,0.029,7.27,0.029,7.181,0.019,6.148,0.018,5.164,0.061
J210925.70+490005.7,0.0,13.633,0.026,13.283,0.033,13.114,0.034,12.786,0.024,12.654,0.023,10.52,0.069,7.286,0.093
J185724.79+043830.6,0.0,11.598,0.024,9.252,0.025,8.151,0.04,7.294,0.023,7.073,0.018,6.505,0.024,5.617,0.055
J180458.89-194639.0,0.0,11.604,0.024,9.332,0.026,8.214,0.029,7.579,0.026,7.52,0.019,7.216,0.028,6.485,0.085
J210512.52+482141.6,0.0,9.169,0.022,7.876,0.036,7.37,0.023,7.055,0.045,7.236,0.019,6.975,0.016,6.661,0.059
J190949.26+104655.3,0.0,11.898,0.027,9.854,0.027,8.914,0.025,8.241,0.022,8.274,0.019,7.954,0.021,7.304,0.109
J110427.41-591205.6,0.0,11.11,0.022,11.096,0.024,11.082,0.021,11.057,0.025,11.108,0.023,9.73,0.048,7.536,0.1
J132329.40-614449.8,0.0,11.257,0.026,10.948,0.025,10.779,0.025,10.423,0.024,10.208,0.023,8.657,0.041,6.534,0.064
J023933.15+610457.9,0.0,14.105,0.028,13.379,0.029,12.641,0.026,11.873,0.024,11.366,0.022,7.782,0.022,5.526,0.038
J112529.80-601117.6,0.0,13.986,0.028,13.061,0.025,12.199,0.031,11.383,0.022,10.922,0.02,9.996,0.052,7.175,0.075
J192033.55+155343.5,0.0,10.345,0.023,8.699,0.034,8.055,0.029,7.699,0.026,7.619,0.021,7.058,0.019,6.35,0.068
J191907.36+151837.6,0.0,9.657,0.027,8.078,0.049,7.487,0.023,7.065,0.038,7.239,0.019,6.912,0.021,6.457,0.083
J031344.01+585555.1,0.0,14.638,0.031,13.751,0.041,13.188,0.033,12.074,0.023,11.591,0.021,9.148,0.037,6.794,0.07
J211947.48+510201.1,0.0,10.129,0.02,8.624,0.024,8.007,0.023,7.651,0.026,7.709,0.02,7.492,0.017,7.129,0.087
J074450.39-221808.1,0.0,15.106,0.044,14.263,0.029,13.642,0.047,12.889,0.024,12.428,0.024,10.151,0.057,7.084,0.091
J190307.27+075011.3,0.0,10.921,0.024,9.202,0.027,8.496,0.025,8.0,0.022,8.045,0.02,7.791,0.023,6.976,0.088
J085125.73-415632.3,0.0,10.774,0.022,10.651,0.024,10.522,0.023,10.462,0.023,10.488,0.02,9.626,0.037,7.597,0.098
J130415.15-611856.7,0.0,7.637,0.021,7.232,0.047,7.002,0.021,6.766,0.037,6.703,0.021,6.645,0.019,6.295,0.07
J182638.15-083834.0,0.0,8.809,0.026,8.535,0.031,8.33,0.016,7.941,0.024,7.771,0.02,7.302,0.026,6.323,0.075
J203553.17+431315.0,0.0,13.815,0.025,12.038,0.024,10.801,0.016,9.442,0.021,8.782,0.019,6.187,0.019,3.979,0.033
J174230.26-270556.1,0.0,10.255,0.028,8.753,0.027,8.163,,7.75,0.026,7.638,0.021,6.934,0.019,6.18,0.059
J112827.96-593904.5,0.0,8.132,0.032,6.986,0.051,6.494,0.021,6.266,0.088,6.078,0.035,5.21,0.014,4.16,0.022
J073208.30-154429.7,0.0,13.357,0.039,12.752,0.045,11.832,0.029,9.623,0.022,8.204,0.019,5.307,0.013,3.855,0.022
J174013.96-275020.5,0.0,10.594,0.029,9.034,0.022,8.333,0.025,7.967,0.024,7.996,0.021,6.885,0.022,6.187,0.073
J051440.43+412423.2,0.0,7.846,0.027,6.666,0.044,6.156,0.024,5.95,0.098,5.676,0.05,5.154,0.014,4.929,0.029
J085139.47-414840.5,0.0,13.615,0.036,12.854,0.038,12.518,0.034,12.208,0.023,12.112,0.021,11.067,0.087,7.04,0.07
J111311.68-585058.2,0.0,12.682,0.028,12.065,0.029,11.337,0.023,10.301,0.022,9.652,0.02,6.938,0.017,5.429,0.034
J194950.20+292757.8,0.0,9.622,0.018,8.388,0.015,7.86,0.015,7.585,0.027,7.682,0.019,7.259,0.018,7.008,0.094
J190433.37+100221.4,0.0,11.215,0.032,9.875,0.028,9.302,0.023,8.995,0.023,9.069,0.021,8.021,0.022,6.904,0.099
J120726.23-604131.7,0.0,11.12,0.022,11.053,0.025,11.016,0.021,10.968,0.022,11.019,0.02,9.671,0.049,7.368,0.094
J194615.93+281619.0,0.0,9.182,0.024,9.015,0.03,8.761,0.018,8.435,0.023,8.176,0.019,7.467,0.018,6.645,0.069
J194841.87+292408.2,0.0,6.352,0.023,6.263,0.016,6.158,0.018,5.976,0.089,5.665,0.048,5.241,0.015,4.559,0.026
J180926.91-154036.3,0.0,7.382,0.018,6.485,0.036,6.247,0.021,6.167,0.083,6.199,0.022,6.063,0.017,5.664,0.054
J175031.68-232626.8,0.0,10.104,0.022,8.744,0.053,8.027,0.04,7.705,0.027,7.694,0.021,6.698,0.017,5.8,0.047
J220912.52+582025.0,0.0,10.05,0.028,9.448,0.03,9.138,0.022,8.817,0.021,8.647,0.019,8.175,0.02,7.191,0.093
J190513.09+105239.7,0.0,9.79,0.024,8.415,0.036,7.876,0.021,7.563,0.026,7.707,0.02,7.328,0.021,6.729,0.065
J032820.14+585156.1,0.0,12.516,0.021,11.729,0.019,11.288,0.021,10.694,0.023,10.274,0.021,7.788,0.031,5.648,0.057
J174350.87-255108.0,0.0,9.464,0.02,8.215,0.044,7.516,0.017,7.115,0.051,6.828,0.021,5.964,0.017,5.423,0.041
J090509.15-440929.4,0.0,12.627,0.024,11.607,0.025,10.672,0.023,9.506,0.022,8.864,0.02,6.53,0.016,4.787,0.024
J212547.19+520005.2,0.0,13.453,0.023,12.772,0.025,12.435,0.025,12.039,0.023,11.982,0.023,10.476,0.097,6.922,0.072
J114404.19-604723.8,0.0,12.724,0.032,12.462,0.038,12.326,0.034,11.989,0.027,11.857,0.026,10.479,0.247,7.283,0.087
J194251.30+253146.7,0.0,10.447,0.02,8.915,0.022,8.2,0.019,7.822,0.024,7.86,0.019,7.264,0.018,6.434,0.055
J131641.86-614130.1,0.0,12.925,0.026,12.228,0.023,11.921,0.023,11.563,0.027,11.369,0.027,10.225,0.165,6.234,0.074
J174347.53-273616.2,0.0,11.183,0.02,9.37,0.022,8.534,0.022,8.133,0.026,8.126,0.025,6.99,0.026,5.973,0.061
J011811.27+634703.8,0.0,14.996,0.051,14.176,0.049,13.619,0.046,12.723,0.024,12.193,0.023,8.594,0.026,6.269,0.065
J134438.52-610833.3,0.0,8.865,0.02,7.485,0.04,6.99,0.024,6.67,0.053,6.642,0.022,6.382,0.018,6.111,0.062
J175440.48-232648.9,0.0,10.477,0.057,8.992,0.044,8.151,0.024,7.638,0.025,7.715,0.022,7.162,0.026,6.455,0.07
J085845.20-441027.7,0.0,11.774,0.023,11.204,0.025,10.65,0.023,9.72,0.023,9.297,0.021,8.286,0.025,5.278,0.034
J181936.59-124610.2,0.0,13.68,0.03,12.693,0.025,11.812,0.023,10.816,0.03,10.211,0.026,7.343,0.024,5.519,0.04
J093623.07-503850.9,0.0,14.182,0.044,13.661,0.045,13.398,0.047,12.594,0.023,11.946,0.021,9.444,0.044,7.236,0.093
J020445.67+624821.4,0.0,15.417,,14.979,,14.84,0.124,13.886,0.028,13.5,0.031,8.472,0.025,6.757,0.076
J090808.68-455820.2,0.0,10.276,0.021,9.225,0.021,8.863,0.021,8.585,0.023,8.606,0.02,8.299,0.022,6.872,0.086
J222127.32+582906.9,0.0,12.923,0.027,12.312,0.033,12.006,0.026,11.785,0.025,11.704,0.023,9.051,0.105,6.596,0.108
J234306.55+630048.9,0.0,13.967,0.032,12.999,0.034,12.449,0.028,11.433,0.022,10.85,0.021,9.161,0.023,7.324,0.089
J202348.86+392910.0,0.0,13.283,0.022,12.29,0.017,11.23,0.018,10.101,0.023,9.507,0.021,7.016,0.022,4.962,0.032
J201701.99+373634.0,0.0,12.189,0.021,11.92,0.019,11.807,0.019,11.625,0.025,11.502,0.025,10.441,0.078,7.076,0.073
J190805.55+104326.2,0.0,10.94,0.022,9.503,0.025,8.857,0.021,8.286,0.019,8.377,0.019,7.793,0.022,7.047,0.094
J190545.04+093744.8,0.0,9.53,0.022,8.061,0.046,7.387,0.031,7.02,0.03,7.016,0.019,5.863,0.014,4.75,0.031
J174304.18-272746.3,0.0,10.237,0.021,8.769,0.046,8.091,0.029,7.653,0.028,7.616,0.022,7.006,0.021,6.314,0.089
J060835.10+223702.0,0.0,6.743,0.032,6.323,0.036,6.133,0.024,6.111,0.104,5.841,0.035,5.225,0.015,4.673,0.028
J225051.52+604854.8,0.0,9.111,0.029,8.378,0.036,7.989,0.017,7.73,0.027,7.522,0.02,7.172,0.022,6.449,0.049
J112938.82-595344.5,0.0,11.269,0.022,11.202,0.022,11.217,0.023,11.303,0.025,11.314,0.023,11.015,0.153,7.069,0.073
J190522.94+094534.1,0.0,10.208,0.021,8.686,0.04,7.873,0.02,7.318,0.028,7.132,0.019,5.404,0.015,4.043,0.024
J130204.59-612815.9,0.0,12.924,0.023,12.338,0.025,12.097,0.021,11.841,0.026,11.857,0.026,10.064,0.066,7.345,0.102
J193535.54+232033.6,0.0,8.589,0.021,7.288,0.021,6.772,0.018,6.483,0.079,6.479,0.022,6.031,0.016,5.131,0.036
J220933.43+574430.5,0.0,9.76,0.024,9.364,0.028,9.008,0.024,8.553,0.023,8.219,0.02,7.398,0.017,6.495,0.044
J173303.27-303426.8,0.0,9.973,0.023,8.33,0.029,7.543,0.018,7.022,0.031,6.941,0.02,5.849,0.017,5.006,0.042
J191541.31+144449.7,0.0,10.727,0.022,9.283,0.04,8.573,0.022,8.252,0.023,8.116,0.02,7.14,0.019,6.032,0.044
J204336.46+445505.3,0.0,8.144,0.029,7.711,0.018,7.461,0.017,7.053,0.036,7.009,0.02,6.611,0.019,5.923,0.081
J085103.07-410222.7,0.0,8.835,0.027,8.727,0.031,8.672,0.02,8.587,0.022,8.595,0.019,8.588,0.026,7.476,0.092
J032856.15+585556.4,0.0,14.481,0.027,13.713,0.027,13.383,0.031,13.12,0.026,13.108,0.031,9.953,0.109,7.181,0.107
J065035.73+045529.6,0.0,13.412,0.028,12.508,0.03,11.982,0.024,11.475,0.022,10.949,0.021,9.03,0.033,6.965,0.104
J182956.71-055453.5,0.0,9.941,0.024,8.569,0.038,7.896,0.027,7.628,0.026,7.657,0.021,7.257,0.022,6.602,0.083
J073153.48-143308.7,0.0,8.354,0.032,8.072,0.044,7.716,0.023,7.559,0.031,7.42,0.019,7.165,0.017,6.607,0.088
J041942.74+531017.6,0.0,11.991,0.035,11.8,0.046,11.553,0.034,11.177,0.023,11.17,0.021,11.253,,6.329,0.1
J121948.95-603018.3,0.0,8.406,0.024,8.377,0.029,8.301,0.02,8.144,0.023,8.11,0.02,7.946,0.021,7.575,0.103
J192324.20+194123.2,0.0,9.831,0.021,8.404,0.021,7.807,0.02,7.352,0.031,7.411,0.02,6.949,0.017,6.431,0.066
J152208.20-543137.7,0.0,8.73,0.024,8.131,0.026,7.914,0.018,7.708,0.025,7.714,0.019,7.62,0.021,6.679,0.076
J210145.41+494801.3,0.0,13.362,0.024,12.252,0.019,11.676,0.026,10.788,0.023,9.993,0.02,7.832,0.02,6.547,0.055
J111928.42-583020.8,0.0,8.19,0.021,7.925,0.04,7.747,0.027,7.439,0.027,7.268,0.019,7.018,0.015,6.626,0.062
J192711.31+213546.9,0.0,10.79,0.024,9.469,,8.879,,8.223,0.023,7.981,0.02,7.133,0.017,6.384,0.049
J224948.47+614846.9,0.0,13.289,,12.192,0.042,11.664,,10.654,0.022,10.212,0.02,8.225,0.026,5.98,0.037
J131329.85-602953.4,0.0,12.137,0.037,11.393,0.041,10.739,,9.975,0.023,9.469,0.019,8.339,0.025,5.186,0.024
J060715.75+250938.2,0.0,16.185,0.076,15.752,0.129,15.227,0.111,14.521,0.033,14.081,0.052,10.345,0.09,7.155,0.105
J132813.65-601449.4,0.0,8.423,0.019,7.361,0.033,7.045,0.018,6.86,0.036,6.893,0.021,5.633,0.015,4.581,0.029
J211404.37+520345.2,0.0,14.473,0.035,13.477,0.03,13.077,0.029,12.566,0.023,12.48,0.023,9.945,0.134,6.693,0.09
J131335.67-602451.8,0.0,9.05,0.03,7.865,0.053,7.407,0.018,7.206,0.027,7.18,0.018,6.459,0.014,5.702,0.038
J185850.26+084512.0,0.0,11.321,0.022,9.698,0.021,9.009,0.021,8.568,0.023,8.445,0.02,7.835,0.021,6.936,0.065
J025017.96+620634.2,0.0,16.064,0.085,15.166,0.094,14.756,0.096,13.696,0.025,13.262,0.027,10.209,0.062,7.236,0.099
J172925.50-300239.6,0.0,10.125,0.021,8.712,0.04,8.05,0.017,7.734,0.026,7.86,0.02,6.992,0.025,6.144,0.058
J111010.86-575233.4,0.0,14.745,0.047,14.354,0.05,14.17,0.079,13.872,0.03,14.201,0.045,10.803,0.065,7.67,0.095
J210423.04+503307.0,0.0,11.342,0.018,10.823,0.019,10.557,0.023,10.39,0.022,10.33,0.02,10.156,0.056,6.933,0.074
J113754.69-590632.1,0.0,10.1,0.022,8.978,0.022,8.652,0.021,8.48,0.022,8.601,0.019,8.322,0.018,7.821,0.102
J125338.98-602343.6,0.0,8.932,0.019,8.726,0.055,8.428,0.021,8.053,0.023,7.768,0.02,7.008,0.02,6.325,0.055
J002745.51+651622.7,0.0,13.108,0.028,12.604,0.037,12.234,0.029,11.593,0.023,10.972,0.021,8.626,0.028,7.082,0.084
J201834.12+402504.4,0.0,8.172,0.027,7.747,0.031,7.541,0.02,7.365,0.028,7.366,0.02,7.203,0.022,6.826,0.094
J000602.26+650201.4,0.0,15.857,0.095,15.584,0.134,15.188,0.159,13.294,0.024,11.889,0.021,8.196,0.021,6.581,0.058
J214627.54+565138.0,0.0,15.472,0.064,14.541,0.053,14.254,0.07,13.854,0.028,13.858,0.038,10.517,0.073,7.768,0.106
J200225.52+354011.3,0.0,9.08,0.021,8.926,0.016,8.85,0.017,8.723,0.022,8.752,0.019,8.279,0.023,4.918,0.03
J025053.50+622203.7,0.0,7.502,0.021,7.497,0.065,7.499,0.023,7.355,0.035,7.393,0.02,7.431,0.019,6.907,0.078
J132704.55-595441.5,0.0,11.638,0.033,10.729,0.033,10.441,0.026,10.104,0.022,10.23,0.02,9.624,0.076,7.857,0.105
J003000.90+652553.2,0.0,11.794,0.024,10.991,0.032,10.392,0.019,9.463,0.023,8.942,0.02,7.295,0.021,5.631,0.043
J192601.61+215944.8,0.0,11.921,0.021,11.278,0.016,11.009,0.02,10.801,0.024,10.623,0.022,9.878,0.047,6.003,0.048
J212951.14+545548.6,0.0,10.989,0.022,10.085,0.028,9.505,0.02,8.738,0.021,8.374,0.019,6.852,0.016,4.723,0.028
J204142.75+463029.3,0.0,12.756,0.023,12.549,0.026,12.454,0.023,12.365,0.025,12.479,0.028,10.508,0.243,7.817,0.104
J181117.97-130837.3,0.0,10.169,0.036,9.768,0.041,9.573,0.029,9.078,0.023,9.055,0.021,8.974,0.044,6.619,0.083
J121419.37-594834.1,0.0,9.478,0.02,8.135,0.031,7.51,0.026,7.055,0.04,7.073,0.02,5.971,0.014,4.956,0.028
J223802.45+613815.8,0.0,12.122,0.029,11.719,0.038,11.457,0.026,11.212,0.023,11.15,0.021,10.489,0.091,7.164,0.085
J011749.71+653008.9,0.0,12.072,0.022,11.74,0.023,11.654,0.019,11.523,0.023,11.543,0.022,11.345,0.184,6.792,0.073
J061852.96+211902.2,0.0,8.588,0.034,8.097,0.047,7.878,0.021,7.663,0.026,7.461,0.019,7.106,0.017,6.398,0.071
J200341.59+362532.0,0.0,7.763,0.021,7.734,0.029,7.666,0.02,7.43,0.028,7.337,0.02,6.824,0.017,6.045,0.037
J104043.45-552625.1,0.0,10.577,0.024,9.955,0.025,9.847,0.027,9.72,0.023,9.778,0.02,9.359,0.031,7.572,0.093
J184909.72+050955.6,0.0,9.778,0.024,8.329,0.027,7.711,0.018,7.405,0.028,7.537,0.02,7.305,0.02,6.922,0.09
J215044.62+574107.0,0.0,14.812,0.038,14.084,0.046,13.81,0.048,13.828,0.029,14.115,0.042,11.031,0.126,7.449,0.103
J225251.20+624105.0,0.0,13.887,0.028,12.944,0.023,12.601,0.028,11.764,0.023,11.017,0.02,8.473,0.021,6.631,0.046
J185713.73+090941.4,0.0,9.663,0.026,8.381,0.031,7.884,0.026,7.647,0.028,7.798,0.022,7.508,0.019,7.062,0.071
J191614.84+181025.2,0.0,10.397,0.02,8.891,0.02,8.151,0.023,7.719,0.024,7.534,0.019,6.952,0.016,6.409,0.048
J230259.54+631641.3,0.0,13.419,0.027,12.593,0.029,12.278,0.027,11.63,0.023,11.266,0.022,9.676,0.039,6.676,0.052
J092427.58-461754.5,0.0,9.676,0.026,9.374,0.024,9.178,0.027,9.053,0.023,9.012,0.02,8.6,0.022,6.989,0.089
J184512.66+032534.4,0.0,11.665,0.023,10.099,0.024,9.378,0.023,9.085,0.023,8.957,0.02,8.117,0.025,7.061,0.094
J203519.25+452714.8,0.0,10.37,0.02,9.007,0.023,8.475,0.018,8.037,0.02,8.168,0.018,7.906,0.02,7.341,0.102
J190441.01+125627.0,0.0,8.694,0.026,8.459,0.016,8.33,0.016,8.275,0.023,8.269,0.02,8.145,0.021,7.402,0.097
J230402.19+632348.7,0.0,6.704,0.023,6.668,0.04,6.585,0.027,6.521,0.073,6.369,0.025,6.071,0.015,5.321,0.034
J144601.69-562022.1,0.0,9.262,0.024,8.378,0.029,8.132,0.02,7.962,0.025,8.116,0.02,7.932,0.019,7.437,0.1
J233827.08+645438.9,0.0,9.677,0.023,8.898,0.047,8.344,0.024,6.925,0.055,5.332,0.053,2.337,0.008,0.898,0.011
J203732.75+461923.2,0.0,10.987,0.02,10.688,0.018,10.529,0.018,10.432,0.022,10.447,0.02,9.743,0.06,7.648,0.109
J171411.65-331557.2,0.0,8.917,0.027,8.928,0.026,8.874,0.029,8.629,0.022,8.49,0.019,6.851,0.018,5.01,0.037
J092331.61-454205.1,0.0,12.517,0.026,12.055,0.026,11.686,0.024,10.898,0.024,10.334,0.022,8.392,0.022,7.216,0.092
J171206.72-333228.9,0.0,11.478,0.024,10.86,0.025,10.214,0.021,9.397,0.024,8.949,0.02,6.708,0.017,4.223,0.024
J110859.18-564050.5,0.0,10.006,0.023,10.044,0.022,10.045,0.021,10.084,0.022,10.129,0.02,9.611,0.04,7.133,0.066
J174514.31-222921.4,0.0,9.451,0.022,8.143,0.053,7.561,0.031,7.278,0.028,7.459,0.02,7.118,0.018,6.811,0.077
J170915.28-341249.4,0.0,9.983,0.021,8.85,0.024,8.388,0.026,8.077,0.023,8.087,0.021,7.057,0.018,6.1,0.059
J194052.69+294848.3,0.0,12.886,0.025,12.082,0.026,11.657,0.02,10.866,0.024,10.312,0.021,7.884,0.019,6.291,0.05
J003503.75+662147.7,0.0,12.067,0.024,10.863,0.033,9.979,0.023,8.766,0.023,7.775,0.02,5.709,0.015,3.351,0.02
J062531.59+200550.3,0.0,10.096,0.026,9.95,0.03,9.687,0.022,9.062,0.022,8.747,0.019,7.945,0.022,6.741,0.109
J173720.38-250602.5,0.0,10.153,0.022,8.707,0.044,7.979,0.033,7.732,0.027,7.832,0.019,6.958,0.02,6.224,0.058
J230446.67+640525.2,0.0,6.33,0.024,6.145,0.034,6.021,0.021,6.046,0.102,5.838,0.038,5.635,0.015,5.241,0.029
J191910.41+210557.2,0.0,12.574,0.021,11.548,0.025,11.033,0.021,10.435,0.023,9.994,0.02,8.421,0.021,6.337,0.045
J214937.75+583643.7,0.0,16.56,0.126,15.703,0.146,15.063,0.113,14.337,0.029,13.904,0.033,10.206,0.058,6.918,0.073
J221508.94+610241.0,0.0,14.011,0.037,12.822,0.037,12.127,0.024,11.317,0.023,10.858,0.021,8.602,0.034,6.22,0.05
J205501.05+504846.8,0.0,15.214,0.06,14.066,0.044,13.429,0.046,13.189,0.024,12.552,0.025,9.632,0.05,7.222,0.108
J180552.58-132731.7,0.0,9.508,0.028,9.217,0.029,8.993,0.026,8.752,0.022,8.712,0.019,8.745,0.046,6.566,0.085
J221632.31+611346.8,0.0,11.765,0.023,10.975,0.026,10.223,0.024,9.385,0.023,8.641,0.019,5.19,0.013,3.078,0.016
J020731.77+652855.6,0.0,7.322,0.023,7.248,0.038,7.173,0.023,7.172,0.044,7.173,0.02,7.221,0.017,6.682,0.077
J213910.89+573517.9,0.0,13.695,0.024,12.714,0.028,12.165,0.026,11.361,0.022,10.936,0.02,9.238,0.04,6.591,0.058
J235953.92+660910.2,0.0,13.087,0.021,12.61,0.03,12.408,0.031,12.356,0.023,12.375,0.023,11.245,0.136,7.6,0.088
J184059.94+031626.3,0.0,8.385,0.027,7.11,0.029,6.53,0.02,6.266,0.059,6.256,0.022,5.842,0.015,5.367,0.03
J060414.38+293904.2,0.0,9.299,0.021,8.141,0.018,7.734,0.024,7.588,0.032,7.593,0.02,7.234,0.018,6.733,0.077
J060317.89+300351.2,0.0,15.588,0.061,14.933,0.079,14.3,0.064,14.111,0.029,13.744,0.04,10.581,0.112,7.0,0.096
J203147.88+461150.3,0.0,10.947,0.023,10.662,0.023,10.51,0.022,10.415,0.023,10.431,0.02,10.544,0.077,7.624,0.105
J141909.42-565518.1,0.0,8.144,0.024,8.152,0.061,8.123,0.026,8.122,0.022,8.151,0.019,8.177,0.025,6.96,0.083
J114356.05-574245.9,0.0,12.557,0.023,12.258,0.022,11.938,0.024,11.358,0.023,11.008,0.02,7.59,0.018,5.242,0.03
J062809.07+194918.2,0.0,15.032,0.044,14.091,0.042,13.501,0.043,12.77,0.023,12.282,0.026,9.424,0.049,6.924,0.085
J204812.11+495943.7,0.0,7.638,0.023,7.676,0.021,7.623,0.02,7.547,0.026,7.61,0.02,7.539,0.019,6.947,0.072
J190550.09+155047.4,0.0,9.75,0.021,8.574,0.016,8.079,0.027,7.946,0.024,8.026,0.02,7.61,0.017,7.104,0.096
J173944.00-231450.4,0.0,8.898,0.026,7.617,0.042,6.982,0.04,6.705,0.058,6.651,0.02,5.595,0.015,4.792,0.031
J155252.14-483315.3,0.0,12.751,0.024,11.946,0.022,11.088,0.019,9.889,0.023,9.231,0.02,6.778,0.016,4.836,0.021
J193241.20+275517.5,0.0,9.163,0.025,8.141,0.04,7.68,0.018,7.49,0.03,7.496,0.02,6.573,0.016,5.702,0.041
J060442.50+300803.0,0.0,14.634,0.042,14.105,0.045,13.792,0.041,13.307,0.025,12.214,0.022,6.971,0.017,4.553,0.026
J181734.58-070209.7,0.0,10.987,0.026,10.125,0.027,9.735,0.021,8.964,0.023,8.333,0.019,6.45,0.016,4.766,0.025
J194336.78+322520.6,0.0,8.826,0.024,8.188,0.026,8.082,0.018,7.97,0.024,7.957,0.02,7.834,0.019,7.248,0.102
J200145.46+384406.9,0.0,7.871,0.021,7.949,0.016,7.955,0.019,7.925,0.024,7.978,0.02,7.814,0.019,7.055,0.071
J203256.95+471626.8,0.0,9.729,0.023,8.221,0.018,7.608,0.02,7.268,0.037,7.362,0.02,7.082,0.019,6.602,0.064
J060629.19+295951.1,0.0,15.286,0.052,14.734,0.074,14.293,0.063,13.312,0.026,12.901,0.029,9.929,0.051,6.757,0.09
J180901.03-102737.9,0.0,9.9,0.024,8.485,0.036,7.824,0.021,7.629,0.026,7.484,0.02,6.645,0.017,5.929,0.05
J131043.04-581638.6,0.0,8.272,0.027,7.733,0.038,7.57,0.02,7.473,0.026,7.466,0.021,7.247,0.017,6.891,0.057
J173849.48-224710.5,0.0,9.905,0.024,8.671,0.033,8.131,0.017,7.835,0.025,7.995,0.019,7.075,0.018,6.257,0.067
J184546.38+071311.9,0.0,6.835,0.026,6.069,0.031,5.755,0.031,5.75,0.103,5.619,0.048,5.524,0.015,5.173,0.039
J192831.29+270244.7,0.0,8.63,0.027,7.585,0.02,7.184,0.027,7.011,0.039,7.062,0.02,6.298,0.014,5.327,0.031
J213004.47+573220.6,0.0,9.542,0.023,9.303,0.028,9.124,0.022,8.894,0.02,8.939,0.018,8.63,0.034,7.148,0.084
J074831.09-162029.9,0.0,8.278,0.023,7.824,0.033,7.665,0.023,7.387,0.035,7.317,0.02,7.019,0.016,6.743,0.082
J174115.83-212645.5,0.0,9.34,0.023,8.13,0.026,7.625,0.029,7.182,0.027,7.243,0.019,6.44,0.015,5.527,0.044
J190346.83+162616.8,0.0,8.729,0.023,7.921,0.026,7.499,0.016,6.926,0.044,6.926,0.02,6.246,0.016,5.558,0.035
J060839.74+295923.3,0.0,13.498,0.026,12.807,0.034,12.625,0.032,12.477,0.023,12.355,0.026,11.516,0.221,6.674,0.087
J233034.93+663345.5,0.0,8.874,0.018,8.643,0.028,8.527,0.025,8.426,0.023,8.41,0.02,8.362,0.021,7.594,0.092
J225036.88+645801.7,0.0,15.072,0.047,14.376,0.057,14.183,0.061,13.959,0.026,14.013,0.032,10.574,0.075,7.565,0.103
J183006.17+004233.3,0.0,9.833,0.023,8.605,0.038,7.516,0.024,6.139,0.09,5.248,0.05,3.158,0.013,0.962,0.01
J201032.79+424710.1,0.0,16.234,0.108,15.199,0.095,14.872,0.113,14.171,0.047,14.218,0.046,10.126,0.394,7.44,0.107
J183257.18+021657.1,0.0,12.0,0.023,11.096,0.022,10.397,0.019,9.324,0.023,8.73,0.021,7.116,0.016,5.521,0.042
J181810.55-044715.2,0.0,8.713,0.021,7.343,0.076,6.604,0.02,6.29,0.086,6.281,0.024,5.52,0.014,4.674,0.03
J200647.51+415245.7,0.0,15.766,0.065,14.74,0.053,14.61,0.116,13.892,0.029,13.333,0.029,9.926,0.076,6.354,0.066
J171924.35-280904.6,0.0,9.817,0.023,8.646,0.046,8.186,0.034,7.926,0.026,7.848,0.021,7.334,0.019,6.952,0.09
J200641.03+421432.3,0.0,11.459,0.021,10.622,0.019,10.226,0.016,9.5,0.022,9.092,0.019,7.706,0.02,6.6,0.058
J125119.04-571955.7,0.0,11.27,0.026,10.962,0.027,10.887,0.026,10.796,0.023,10.82,0.021,9.808,0.034,7.659,0.1
J174731.44-172852.7,0.0,9.11,0.026,8.054,0.036,7.573,0.018,7.342,0.03,7.259,0.02,6.635,0.016,6.023,0.058
J185735.77+153021.8,0.0,9.319,0.022,8.22,0.018,7.774,0.018,7.648,0.027,7.757,0.021,7.258,0.017,6.773,0.096
J195229.56+382320.2,0.0,14.514,0.036,14.203,0.038,14.133,0.051,13.945,0.025,13.887,0.034,10.121,0.043,7.306,0.105
J183017.39+021317.2,0.0,9.095,0.026,7.964,0.046,7.554,0.021,7.117,0.046,7.06,0.02,6.651,0.017,6.25,0.059
J120618.67-563110.2,0.0,9.005,0.023,8.04,0.034,7.625,0.026,7.435,0.032,7.494,0.02,7.017,0.016,6.567,0.051
J172259.93-255956.9,0.0,10.01,0.025,8.857,0.027,8.356,0.023,8.214,0.022,8.252,0.019,7.15,0.019,6.077,0.057
J182058.94-020342.6,0.0,9.843,0.023,8.554,0.04,7.971,0.024,7.689,0.025,7.835,0.019,7.533,0.021,7.001,0.108
J070518.97+061219.4,0.0,12.007,0.021,11.756,0.023,11.529,0.024,10.755,0.023,9.973,0.02,7.193,0.015,5.667,0.039
J182448.72+000300.3,0.0,8.959,0.019,8.102,0.042,7.748,0.026,7.421,0.028,7.377,0.02,7.09,0.018,6.861,0.094
J131056.31-564729.4,0.0,12.16,0.024,11.533,0.025,10.894,0.026,9.761,0.023,9.259,0.019,7.06,0.017,5.123,0.027
J223650.48+652107.2,0.0,9.586,0.027,8.3,0.04,7.886,0.021,7.675,0.028,7.791,0.02,7.551,0.022,7.102,0.065
J071357.20+021834.6,0.0,13.221,0.039,12.464,0.041,11.826,0.03,10.847,0.023,10.234,0.019,7.992,0.021,6.268,0.063
J202226.35+474717.0,0.0,9.889,0.019,8.751,0.017,8.225,0.018,8.306,0.023,7.79,0.02,6.85,0.017,6.147,0.035
J201618.61+461638.9,0.0,14.908,0.042,14.484,0.065,14.015,0.058,13.966,0.03,13.941,0.036,11.065,0.422,7.787,0.105
J121659.70-562424.2,0.0,9.573,0.024,9.538,0.024,9.469,0.026,9.229,0.023,9.061,0.02,8.345,0.021,7.485,0.106
J223023.95+651024.5,0.0,15.217,0.052,14.337,0.05,13.932,0.062,13.515,0.026,13.462,0.03,9.986,0.086,7.488,0.105
J071515.12+021000.7,0.0,8.663,0.026,7.711,0.047,7.413,0.018,7.143,0.039,7.125,0.02,6.757,0.016,6.337,0.054
J133544.99-560258.7,0.0,11.303,0.022,10.438,0.024,10.188,0.023,10.048,0.024,10.16,0.022,9.44,0.028,7.549,0.094
J160545.98-433723.8,0.0,6.901,0.023,5.818,0.04,5.446,0.021,5.391,0.101,5.2,0.073,4.966,0.015,4.583,0.024
J195336.22+401019.8,0.0,9.291,0.02,8.491,0.023,8.313,0.029,8.176,0.022,8.28,0.02,8.068,0.021,7.516,0.098
J215348.09+623651.9,0.0,6.487,0.026,6.501,0.033,6.524,0.018,6.454,0.074,6.431,0.024,6.285,0.015,5.663,0.035
J140308.39-545855.3,0.0,7.899,0.021,6.949,0.038,6.571,0.021,6.436,0.045,6.6,0.021,6.28,0.015,6.032,0.045
J201635.52+470123.2,0.0,16.096,0.076,15.38,0.121,15.148,0.14,14.846,0.034,15.165,0.069,9.843,0.085,7.738,0.099
J173948.30-182946.8,0.0,8.611,0.034,7.548,0.029,7.025,0.023,6.692,0.067,6.494,0.022,5.822,0.016,5.266,0.037
J195142.69+400317.5,0.0,8.723,0.023,8.771,0.023,8.787,0.02,8.737,0.023,8.776,0.02,8.561,0.037,7.31,0.092
J195912.40+423311.8,0.0,8.275,0.06,7.156,0.042,6.776,0.023,6.581,0.072,6.652,0.022,6.237,0.015,5.818,0.044
J130134.81-560530.8,0.0,8.231,0.023,7.765,0.02,7.542,0.024,7.387,0.033,7.271,0.019,6.867,0.015,6.355,0.048
J084110.89-304021.5,0.0,7.62,0.026,6.702,0.031,6.311,0.026,6.233,0.097,6.247,0.025,6.044,0.015,5.694,0.044
J103530.39-584807.5,0.0,14.588,0.043,14.091,0.043,13.885,0.072,13.438,0.063,13.739,0.101,9.697,0.065,7.012,0.107
J110224.54-603006.3,0.0,13.068,0.036,12.699,0.037,12.524,0.036,12.382,0.027,12.458,0.03,9.995,0.124,6.892,0.074
J053009.55+332520.0,0.0,12.947,0.024,12.268,0.023,11.631,0.021,10.742,0.025,10.145,0.022,6.955,0.022,5.099,0.047
J124038.46-631351.7,0.0,11.771,0.036,9.544,0.028,8.506,0.023,7.885,0.023,7.855,0.019,7.483,0.03,6.581,0.102
J210640.25+464831.9,0.0,12.319,0.022,11.989,0.021,11.81,0.021,11.665,0.022,11.666,0.021,11.453,0.137,7.781,0.092
J090906.48-481834.0,0.0,8.245,0.027,7.628,0.063,7.436,0.024,7.221,0.037,7.402,0.02,7.215,0.02,6.832,0.068
J070418.57-065641.8,0.0,13.235,0.022,12.687,0.027,12.084,0.023,11.134,0.024,10.326,0.02,7.227,0.018,5.586,0.034
J073821.46-221416.4,0.0,8.964,0.023,9.001,0.025,9.009,0.023,8.79,0.023,8.752,0.02,8.626,0.024,7.155,0.101
J052705.83+343311.8,0.0,13.313,0.021,12.738,0.023,12.066,0.021,10.834,0.024,10.194,0.021,7.809,0.031,6.186,0.063
J020111.40+612843.7,0.0,9.937,0.023,9.477,0.029,9.103,0.021,8.658,0.022,8.235,0.021,7.134,0.018,6.133,0.049
J084608.00-433322.8,0.0,9.39,0.023,8.343,0.042,7.942,0.029,7.637,0.031,7.696,0.02,7.527,0.024,7.036,0.085
J105802.39-600523.6,0.0,11.695,0.029,11.393,0.022,11.279,0.024,11.194,0.025,11.217,0.028,9.254,0.463,4.831,0.086
J082646.01-384212.4,0.0,15.78,0.064,15.125,0.063,14.641,0.101,12.969,0.023,12.365,0.023,9.259,0.033,7.144,0.09
J211030.94+474132.1,0.0,6.294,0.024,6.36,0.02,6.352,0.018,6.245,0.038,6.21,0.023,6.046,0.015,5.347,0.031
J113008.91-613617.8,0.0,10.959,0.022,9.324,0.023,8.521,0.044,8.056,0.022,7.868,0.019,7.229,0.023,6.554,0.064
J191525.76+110128.4,0.0,10.827,0.025,8.579,0.036,7.489,0.018,6.885,0.06,6.862,0.021,6.43,0.02,5.591,0.079
J124350.99-630514.7,0.0,8.316,0.026,7.916,0.053,7.549,0.02,7.114,0.028,6.768,0.02,5.988,0.015,5.116,0.028
J220922.74+554524.2,0.0,9.601,0.029,9.219,0.03,8.555,0.023,7.351,0.028,6.73,0.022,5.986,0.015,5.546,0.038
J225801.20+593512.9,0.0,15.665,0.07,14.359,0.059,13.315,0.035,12.192,0.024,11.642,0.022,9.426,0.131,6.053,0.065
J064609.51+021051.6,0.0,15.327,0.055,14.443,0.059,13.645,0.051,12.599,0.024,11.626,0.021,8.749,0.027,6.497,0.073
J091559.79-491225.1,0.0,13.249,0.026,12.489,0.024,12.096,0.024,11.664,0.023,11.496,0.021,9.19,0.049,6.907,0.071
J122007.93-624708.4,0.0,11.357,,11.274,0.026,11.175,0.028,11.064,0.026,11.039,0.026,11.463,0.139,6.633,0.075
J160518.25-522813.4,0.0,9.587,0.022,7.759,0.029,6.879,0.029,6.406,0.085,6.478,0.023,5.535,0.029,4.207,0.062
J064549.97+022957.3,0.0,7.147,0.023,7.182,0.034,7.119,0.018,7.007,0.051,6.956,0.02,6.715,0.016,6.263,0.068
J224119.74+583659.2,0.0,12.09,0.026,11.688,0.03,11.57,0.023,11.448,0.023,11.452,0.022,10.689,0.222,7.267,0.098
J223949.47+583254.4,0.0,8.237,0.024,8.085,0.049,8.02,0.024,7.974,0.023,7.973,0.02,7.999,0.018,7.123,0.097
J214335.03+530215.8,0.0,8.86,0.026,8.55,0.026,8.343,0.023,8.076,0.023,7.958,0.02,7.694,0.018,7.145,0.081
J002121.04+623736.9,0.0,15.168,0.038,14.363,0.05,13.959,0.047,13.175,0.024,12.557,0.024,9.898,0.06,7.306,0.079
J200336.35+310625.0,0.0,9.699,0.021,9.63,0.02,9.572,0.018,9.517,0.022,9.571,0.019,9.811,0.068,6.646,0.069
J153100.77-580518.9,0.0,10.539,0.023,8.564,0.044,7.322,0.033,6.329,0.076,5.767,0.042,4.006,0.015,2.547,0.018
J211712.52+470440.6,0.0,13.425,,12.795,0.039,12.283,,11.222,0.023,10.852,0.021,9.221,0.032,6.865,0.069
J084845.54-460509.4,0.0,10.442,0.023,9.859,0.022,9.354,0.019,8.751,0.022,8.349,0.02,7.331,0.017,6.185,0.053
J002247.65+611141.0,0.0,12.284,0.023,11.298,0.027,10.344,0.022,9.338,0.023,8.753,0.02,7.086,0.019,4.914,0.033
J202129.12+341207.2,0.0,10.818,0.02,9.433,0.022,8.879,0.021,8.441,0.022,8.32,0.02,7.677,0.02,6.969,0.109
J004255.80+612347.1,0.0,14.322,0.038,13.236,0.038,12.541,0.026,11.405,0.023,10.386,0.02,7.346,0.017,4.898,0.03
J094355.32-550303.7,0.0,7.51,0.023,7.002,0.057,6.801,0.017,6.713,0.068,6.761,0.021,6.525,0.016,6.176,0.045
J031848.05+554011.8,0.0,8.167,0.029,7.719,0.029,7.478,0.02,7.315,0.036,7.168,0.02,7.104,0.017,6.821,0.087
J074141.88-255027.2,0.0,14.085,0.029,13.277,0.022,12.397,0.026,11.482,0.022,10.924,0.021,8.991,0.031,7.013,0.085
J132447.61-635741.8,0.0,8.656,0.029,7.562,0.026,7.142,0.029,6.934,0.037,7.099,0.021,6.802,0.02,6.525,0.071
J223653.95+565420.9,0.0,7.482,0.019,7.34,0.04,7.161,0.017,6.791,0.065,6.459,0.024,5.868,0.014,5.027,0.029
J191816.73+100812.8,0.0,11.445,0.026,9.425,0.026,8.435,0.026,7.904,0.024,7.684,0.02,6.72,0.021,5.62,0.044
J223224.08+563749.8,0.0,8.545,0.032,7.353,0.02,6.884,0.016,6.654,0.072,6.747,0.021,6.442,0.016,6.125,0.046
J164651.71-470541.5,0.0,10.901,0.021,9.106,0.022,8.299,0.021,7.822,0.025,7.666,0.021,6.912,0.02,6.118,0.061
J182643.92-142316.3,0.0,10.989,0.023,9.202,0.025,8.321,0.025,7.844,0.024,7.663,0.02,6.737,0.02,5.561,0.057
J001757.92+612606.8,0.0,14.481,0.031,14.057,0.034,13.809,0.048,13.509,0.023,13.609,0.03,10.409,0.056,7.727,0.108
J230801.01+590458.4,0.0,11.497,0.02,11.254,0.019,11.152,0.017,10.88,0.023,10.897,0.02,10.19,0.06,7.348,0.101
J003939.39+614202.9,0.0,8.128,0.026,8.208,0.053,8.049,0.026,7.954,0.03,7.859,0.025,7.275,0.02,6.462,0.048
J223048.25+563617.7,0.0,8.303,0.021,8.146,0.021,8.013,0.024,7.903,0.023,7.918,0.019,7.853,0.019,7.345,0.103
J120537.03-633251.5,0.0,10.443,0.021,9.174,0.023,8.731,0.02,8.421,0.022,8.53,0.019,8.08,0.037,7.115,0.078
J110649.64-613023.9,0.0,13.254,0.024,12.379,0.022,11.733,0.019,11.014,0.024,10.597,0.023,8.299,0.03,6.886,0.066
J075010.83-283151.6,0.0,10.133,0.024,9.889,0.024,9.671,0.023,9.296,0.023,8.978,0.02,7.985,0.02,7.007,0.086
J232827.54+600636.6,0.0,13.102,0.029,12.609,0.031,12.468,0.029,12.371,0.024,12.39,0.024,10.093,0.052,7.555,0.099
J211416.76+470655.4,0.0,15.273,0.043,14.565,0.046,13.762,0.054,13.169,0.025,12.713,0.026,9.586,0.042,7.052,0.079
J031229.54+563800.0,0.0,13.264,0.026,12.031,0.032,11.07,0.018,10.424,0.024,9.637,0.021,6.772,0.021,4.896,0.033
J061602.04+142902.1,0.0,13.776,0.026,12.79,0.022,11.943,0.022,10.573,0.023,9.927,0.02,7.24,0.019,4.866,0.036
J070753.94-101634.2,0.0,13.019,0.029,12.394,0.028,12.085,0.029,11.311,0.023,10.719,0.021,8.543,0.033,7.131,0.089
J105306.16-603756.5,0.0,10.381,0.023,9.621,0.023,9.157,0.019,8.844,0.022,8.736,0.02,8.288,0.028,7.065,0.094
J145605.68-601413.4,0.0,13.236,0.033,12.286,0.036,11.754,0.027,11.245,0.026,11.26,0.023,10.587,,5.868,0.064
J173733.67-333637.0,0.0,10.81,0.028,9.318,0.023,8.636,0.021,8.412,0.026,8.452,0.024,7.377,0.026,6.484,0.075
J024119.48+585412.8,0.0,13.599,0.028,12.472,0.034,11.838,0.026,10.97,0.022,10.488,0.021,8.616,0.029,6.647,0.069
J053555.79+303219.7,0.0,14.249,0.027,13.634,0.027,13.185,0.027,12.383,0.024,11.912,0.023,8.546,0.028,5.847,0.044
J185000.25-024159.4,0.0,11.887,0.022,9.385,0.022,8.153,0.021,7.282,0.034,7.161,0.025,6.469,0.043,5.839,0.105
J190622.17+051540.6,0.0,12.554,0.025,10.428,0.02,9.467,0.02,8.957,0.023,8.752,0.02,7.949,0.041,6.694,0.106
J102631.39-583826.1,0.0,8.414,0.024,8.217,0.044,8.033,0.024,7.631,0.027,7.439,0.02,6.727,0.019,5.821,0.042
J121712.47-633112.0,0.0,10.418,0.023,9.18,0.023,8.758,0.025,8.416,0.023,8.557,0.02,8.296,0.042,7.455,0.105
J195218.88+252404.4,0.0,12.272,0.021,11.793,0.019,11.523,0.018,11.149,0.024,11.101,0.023,10.792,0.128,7.124,0.105
J052145.58+350631.8,0.0,14.078,0.027,13.537,0.026,13.05,0.026,12.424,0.024,11.926,0.024,9.136,0.038,6.741,0.079
J154321.63-560557.6,0.0,10.192,0.023,8.388,0.033,7.585,0.017,6.948,0.053,7.007,0.02,6.726,0.022,5.868,0.051
J200407.40+294105.9,0.0,8.729,0.023,7.433,0.021,6.908,0.017,6.693,0.062,6.807,0.022,6.539,0.017,6.037,0.066
J105205.79-602438.2,0.0,13.206,0.026,12.369,0.027,11.614,0.024,10.49,0.023,10.011,0.021,7.554,0.025,4.948,0.027
J070720.68-093459.6,0.0,7.994,0.019,8.036,0.051,7.981,0.023,7.81,0.024,7.806,0.02,7.465,0.018,6.914,0.094
J161630.47-515205.2,0.0,9.935,0.023,8.294,0.024,7.563,0.023,7.2,0.048,7.052,0.021,5.377,0.015,4.135,0.031
J130516.16-633825.2,0.0,13.45,0.024,12.648,0.021,11.858,0.027,10.854,0.031,10.252,0.027,7.989,0.02,6.087,0.069
J073110.50-201457.6,0.0,11.086,0.023,10.956,0.022,10.653,0.021,11.048,0.023,10.799,0.02,9.46,0.037,7.085,0.088
J181404.71-191227.3,0.0,11.205,0.027,8.417,0.034,6.891,0.018,6.215,0.072,5.588,0.047,4.401,0.016,3.324,0.032
J175944.96-250812.9,0.0,11.472,0.024,9.523,0.023,8.655,0.021,8.233,0.023,8.098,0.02,7.027,0.024,5.53,0.064
J175632.21-262043.9,0.0,11.653,0.024,9.381,0.025,8.259,0.021,7.645,0.029,7.571,0.022,6.371,0.025,5.165,0.044
J181242.94-194407.4,0.0,12.938,0.028,12.31,0.032,11.999,0.034,11.18,0.05,11.034,0.057,9.213,0.099,6.128,0.094
J084748.55-444117.6,0.0,14.072,0.032,13.16,0.034,12.422,0.03,11.943,0.023,11.485,0.021,9.238,0.029,7.178,0.091
J060814.39+183724.8,0.0,10.053,0.022,9.501,0.022,9.08,0.018,8.56,0.021,8.116,0.021,5.145,0.015,2.436,0.015
J112754.19-615955.3,0.0,12.471,0.023,11.591,0.022,11.298,0.021,11.052,0.025,11.176,0.025,10.646,0.248,7.59,0.106
J131820.70-632427.8,0.0,10.877,0.024,10.703,0.024,10.693,0.026,10.626,0.023,10.735,0.026,10.091,0.111,6.69,0.072
J103643.71-591031.7,0.0,9.029,0.02,8.93,0.021,8.855,0.019,8.837,0.023,8.861,0.019,8.458,0.072,6.888,0.094
J231917.62+600929.1,0.0,15.746,0.097,15.325,0.135,14.947,0.141,14.477,0.032,14.759,0.058,10.109,0.064,7.45,0.103
J103639.87-591004.6,0.0,7.744,0.023,7.815,0.04,7.847,0.024,7.869,0.024,7.932,0.019,7.798,0.025,7.058,0.095
J030453.76+574207.5,0.0,14.086,0.026,13.357,0.027,12.667,0.026,11.756,0.023,11.251,0.022,8.924,0.028,7.262,0.099
J065127.85-012216.0,0.0,8.675,0.029,8.057,0.067,7.507,0.027,6.564,0.07,5.563,0.049,3.57,0.012,2.415,0.019
J105145.23-600547.0,0.0,14.527,0.052,13.811,0.051,13.217,0.037,12.413,0.032,12.163,0.034,9.218,0.071,6.291,0.056
J110833.69-610035.4,0.0,13.586,0.021,12.92,0.021,12.15,0.023,11.11,0.025,10.674,0.024,7.825,0.023,6.028,0.089
J081222.38-350223.3,0.0,15.244,0.051,14.52,0.043,13.624,0.048,12.494,0.024,11.894,0.023,9.121,0.031,7.285,0.098
J034930.30+533517.3,0.0,12.074,0.021,11.218,0.027,10.358,0.025,9.331,0.022,8.748,0.019,6.365,0.016,4.218,0.026
J025534.43+583049.2,0.0,12.392,0.023,12.181,0.023,12.022,0.021,11.815,0.023,11.678,0.023,9.164,0.032,7.032,0.096
J185422.97+001909.0,0.0,10.997,0.024,8.888,0.04,7.9,0.02,7.317,0.029,7.342,0.02,6.956,0.021,6.299,0.076
J104858.38-612758.3,0.0,16.372,0.152,15.748,,16.421,,16.488,0.1,17.299,,9.81,0.076,7.407,0.102
J183234.88-132527.7,0.0,9.754,0.023,8.579,0.033,8.057,0.016,7.707,0.023,7.726,0.019,6.679,0.019,5.441,0.044
J084447.28-455855.3,0.0,8.616,0.024,8.26,0.033,7.869,0.027,7.28,0.032,6.949,0.02,6.021,0.016,4.964,0.028
J152045.57-593233.4,0.0,11.86,0.024,10.964,0.025,10.441,0.022,9.737,0.022,9.353,0.019,7.415,0.023,5.192,0.031
J235117.42+600156.6,0.0,12.519,0.023,12.218,0.03,12.059,0.022,11.921,0.023,11.913,0.021,10.238,0.056,7.412,0.089
J101147.39-583758.9,0.0,10.252,0.026,9.795,0.023,9.441,0.024,9.063,0.023,8.742,0.02,7.784,0.043,6.669,0.103
J184309.02-081600.8,0.0,9.425,0.023,8.464,0.036,8.07,0.018,7.85,0.025,8.053,0.02,7.752,0.023,6.969,0.097
J180106.31-265558.6,0.0,9.831,0.024,8.638,0.024,8.02,0.02,7.719,0.025,7.725,0.02,7.081,0.024,6.03,0.081
J205050.82+410947.2,0.0,8.299,0.023,7.523,0.018,7.021,0.016,6.44,0.077,5.961,0.039,5.176,0.016,4.251,0.029
J131230.99-644057.6,0.0,14.193,0.039,13.231,0.045,12.932,0.037,12.572,0.039,12.7,0.048,9.851,0.052,7.431,0.102
J174106.39-340706.2,0.0,9.852,0.022,8.46,0.038,7.708,0.029,7.287,0.039,7.307,0.021,6.116,0.016,5.145,0.037
J233306.45+592955.7,0.0,13.362,0.023,12.872,0.028,12.731,0.033,12.468,0.024,12.395,0.024,11.46,0.135,7.486,0.084
J092429.65-530026.9,0.0,12.806,0.027,12.285,0.026,11.475,0.023,10.096,0.022,9.407,0.02,6.497,0.015,4.851,0.023
J175701.29-282156.8,0.0,10.711,0.021,9.368,0.021,8.772,0.02,8.443,0.025,8.36,0.024,7.296,0.025,6.17,0.084
J210421.07+440833.9,0.0,9.42,0.022,8.566,0.024,8.259,0.016,8.008,0.023,8.017,0.02,7.906,0.019,7.352,0.101
J092405.70-525157.7,0.0,9.178,0.027,9.112,0.024,9.055,0.021,9.073,0.023,9.107,0.02,9.066,0.028,7.337,0.101
J173224.94-364153.9,0.0,8.2,0.027,8.177,0.026,8.218,0.033,8.103,0.021,8.131,0.019,8.19,0.037,7.068,0.101
J175545.15-284117.7,0.0,9.282,0.023,8.024,0.033,7.444,0.017,7.142,0.033,7.285,0.023,6.662,0.018,6.056,0.07
J040105.01+503116.8,0.0,10.518,0.027,9.672,0.03,9.276,0.021,8.974,0.023,8.671,0.02,8.227,0.021,7.302,0.097
J221843.61+544715.0,0.0,10.933,0.023,10.77,0.031,10.66,0.021,10.587,0.023,10.505,0.021,9.668,0.033,6.923,0.076
J085722.48-481433.3,0.0,11.663,0.023,11.177,0.022,10.944,0.021,10.787,0.022,10.76,0.02,10.046,0.116,6.447,0.077
J073157.06-223444.5,0.0,11.286,0.028,10.223,0.024,9.358,0.025,7.838,0.026,7.256,0.02,5.326,0.015,3.516,0.02
J060838.76+161820.0,0.0,12.042,0.024,11.344,0.032,11.026,0.021,10.52,0.022,10.045,0.021,7.941,0.02,6.29,0.065
J173744.35-345545.6,0.0,14.333,0.071,13.024,0.063,11.961,0.042,10.689,0.04,10.018,0.033,9.515,0.075,6.961,0.109
J170338.30-441927.8,0.0,9.198,0.034,8.319,0.036,8.083,0.017,7.932,0.024,8.049,0.021,7.815,0.026,6.762,0.103
J195533.41+250034.1,0.0,12.317,0.023,12.001,0.031,11.933,0.018,11.757,0.025,11.662,0.024,10.347,0.084,7.329,0.105
J222127.59+550729.8,0.0,9.719,0.029,8.596,0.031,8.219,0.021,7.944,0.024,7.942,0.02,7.47,0.016,7.125,0.071
J210958.64+453009.2,0.0,6.798,0.023,6.901,0.027,6.915,0.018,6.944,0.054,7.002,0.02,6.954,0.016,6.359,0.043
J175243.17-293342.8,0.0,10.014,0.03,8.592,0.029,7.861,0.031,7.348,0.03,7.381,0.02,6.334,0.017,5.608,0.05
J201409.95+313816.4,0.0,10.634,0.023,10.557,0.03,10.503,0.02,10.449,0.022,10.427,0.02,10.612,0.235,7.212,0.097
J180020.47-263719.9,0.0,10.587,0.025,8.682,0.055,7.702,0.027,7.332,0.029,7.177,0.022,6.307,0.024,5.4,0.062
J085640.46-475229.3,0.0,13.648,0.026,12.696,0.026,11.923,0.025,10.847,0.023,10.353,0.02,6.938,0.018,4.385,0.027
J100810.40-575030.1,0.0,12.789,0.026,11.908,0.022,11.019,0.024,9.839,0.022,9.337,0.02,6.963,0.019,4.994,0.033
J115629.70-634732.4,0.0,7.951,0.021,7.972,0.029,7.959,0.031,7.851,0.023,7.897,0.019,7.652,0.025,5.992,0.052
J214345.90+510535.5,0.0,11.048,0.022,10.97,0.028,10.92,0.022,10.875,0.023,10.876,0.021,10.09,0.053,6.781,0.063
J151509.84-592847.7,0.0,8.139,0.02,7.934,0.031,7.807,0.033,7.696,0.025,7.706,0.02,7.652,0.021,7.085,0.096
J183749.43-130742.9,0.0,10.019,0.024,8.743,0.046,8.182,0.02,7.79,0.026,7.689,0.02,6.642,0.021,5.633,0.04
J160415.99-562627.3,0.0,8.688,0.027,8.693,0.049,8.707,0.023,8.733,0.023,8.766,0.021,8.721,0.033,7.257,0.091
J113259.16-643500.4,0.0,14.948,0.054,14.088,0.05,13.087,0.037,12.041,0.025,11.509,0.023,9.593,0.05,6.801,0.062
J083838.64-461406.6,0.0,12.338,0.024,12.121,0.027,12.001,0.026,11.874,0.023,11.876,0.021,10.926,0.08,7.758,0.106
J175035.63-325405.6,0.0,10.106,0.023,8.817,0.02,8.257,0.033,7.812,0.023,7.932,0.021,7.196,0.02,6.569,0.078
J203220.57+345158.6,0.0,8.4,0.018,7.095,0.021,6.529,0.016,6.249,0.099,6.22,0.027,5.945,0.016,5.576,0.039
J152513.56-601614.2,0.0,8.85,0.023,7.489,0.027,6.841,0.021,6.536,0.063,6.499,0.021,5.612,0.015,4.605,0.025
J082920.68-435031.8,0.0,8.782,0.029,8.77,0.049,8.698,0.021,8.606,0.023,8.478,0.019,7.912,0.024,7.181,0.104
J171047.03-442701.4,0.0,10.308,,10.063,,9.911,0.039,9.708,0.023,9.745,0.021,9.377,0.098,6.566,0.067
J163515.09-514227.6,0.0,8.024,0.027,6.998,0.036,6.692,0.026,6.632,0.073,6.475,0.021,6.141,0.019,5.421,0.058
J125208.71-654053.4,0.0,10.139,0.023,9.573,0.022,9.201,0.019,8.716,0.023,8.349,0.019,5.668,0.014,3.544,0.019
J054559.08+232923.9,0.0,15.521,0.058,14.255,0.046,13.023,0.028,11.546,0.023,9.877,0.02,7.391,0.017,4.969,0.031
J065537.52-080600.0,0.0,13.393,0.021,12.579,0.025,11.863,0.021,10.947,0.022,10.486,0.02,8.598,0.025,6.211,0.05
J002816.54+595930.1,0.0,10.37,0.021,8.959,0.028,8.182,0.02,7.464,0.032,7.573,0.019,6.892,0.016,6.623,0.054
J124645.61-653628.5,0.0,12.095,0.021,11.986,0.026,11.927,0.028,11.91,0.027,11.975,0.028,10.012,0.065,8.018,0.098
J175936.50-290801.4,0.0,9.509,0.023,8.421,0.031,7.859,0.023,7.546,0.028,7.615,0.02,6.432,0.018,5.628,0.044
J124640.44-653524.0,0.0,11.359,0.023,11.217,0.027,11.126,0.026,10.911,0.022,10.969,0.02,9.848,0.065,7.944,0.092
J155027.29-573926.7,0.0,8.38,0.021,8.378,0.042,8.353,0.021,8.312,0.023,8.337,0.02,8.334,0.023,7.407,0.103
J002629.21+600127.9,0.0,10.048,0.027,9.715,0.032,9.43,0.024,9.638,0.024,9.474,0.019,8.907,0.024,7.042,0.06
J225826.31+565118.1,0.0,14.038,0.031,13.332,0.038,12.823,0.032,11.848,0.024,11.232,0.021,8.112,0.017,6.377,0.047
J074906.00-310742.6,0.0,7.508,0.026,7.096,0.036,6.819,0.018,6.321,0.093,5.991,0.036,5.486,0.015,4.65,0.028
J180627.03-261244.1,0.0,9.889,0.022,8.579,0.038,7.962,0.024,7.723,0.025,7.873,0.019,7.196,0.025,6.675,0.109
J105106.00-621701.6,0.0,10.055,0.023,9.763,0.025,9.21,0.019,8.901,0.023,8.556,0.02,7.781,0.019,6.965,0.063
J100530.57-585032.2,0.0,15.862,0.076,15.271,0.088,14.868,0.125,15.014,0.089,16.363,0.266,10.706,0.118,7.549,0.103
J112808.54-635837.2,0.0,13.089,0.027,12.382,0.026,11.683,0.023,10.709,0.023,10.102,0.021,7.422,0.022,5.779,0.062
J095911.11-580903.5,0.0,16.833,0.172,15.19,0.099,14.092,0.062,12.869,0.027,12.359,0.026,9.568,0.048,6.656,0.086
J114519.52-642950.0,0.0,12.408,0.024,11.899,0.023,11.727,0.023,11.49,0.024,11.513,0.023,11.118,0.148,7.095,0.083
J174639.01-332612.9,0.0,10.307,0.026,8.823,0.026,8.092,0.023,7.493,0.035,7.434,0.02,6.411,0.019,5.51,0.073
J175527.00-301351.1,0.0,9.887,0.024,8.717,0.067,8.096,0.04,7.803,0.025,7.982,0.022,7.258,0.023,6.748,0.102
J070547.24-122348.7,0.0,11.462,0.026,10.877,0.022,10.242,0.019,9.495,0.023,8.925,0.021,6.023,0.015,3.959,0.024
J173934.81-354246.9,0.0,10.331,0.023,8.966,0.026,8.363,0.023,7.983,0.023,7.976,0.02,7.169,0.02,6.566,0.093
J175239.50-311131.9,0.0,9.732,0.023,8.402,0.034,7.811,0.031,7.544,0.027,7.54,0.022,6.473,0.018,5.525,0.039
J175757.97-291239.2,0.0,10.71,0.033,9.476,0.03,8.937,0.026,8.529,0.025,8.479,0.023,7.257,0.023,6.335,0.072
J002317.87+601408.2,0.0,6.983,0.032,6.958,0.036,6.819,0.021,6.803,0.058,6.799,0.019,6.694,0.015,6.003,0.04
J174729.79-325431.4,0.0,10.186,0.023,8.557,0.018,7.732,0.023,7.255,0.027,7.351,0.019,6.267,0.016,5.379,0.04
J180456.56-262142.0,0.0,10.038,0.024,8.681,0.044,8.165,0.031,7.902,0.025,7.815,0.02,7.119,0.022,6.32,0.075
J190116.28-002207.9,0.0,9.363,0.026,8.101,0.033,7.611,0.023,7.356,0.029,7.53,0.02,7.258,0.025,6.879,0.086
J223026.80+551028.0,0.0,16.123,0.121,15.774,0.187,15.249,,14.94,0.039,14.9,0.061,9.907,0.062,7.173,0.099
J231908.57+582521.6,0.0,11.018,0.022,10.825,0.024,10.724,0.02,10.644,0.022,10.665,0.021,10.231,0.064,7.116,0.075
J104142.92-612155.7,0.0,14.251,0.03,13.822,0.035,13.666,0.067,13.148,0.03,13.286,0.033,10.006,0.087,7.574,0.089
J122947.09-650358.2,0.0,10.198,0.024,8.935,0.025,8.525,0.023,8.282,0.023,8.302,0.02,7.966,0.018,7.63,0.092
J100046.46-580000.2,0.0,12.646,0.029,11.824,0.027,11.384,0.024,10.88,0.023,10.796,0.022,10.167,0.081,6.847,0.08
J081322.28-382618.0,0.0,7.232,0.024,7.267,0.033,7.241,0.02,7.155,0.037,7.286,0.02,7.226,0.018,6.462,0.066
J123424.45-645845.8,0.0,14.297,0.036,13.515,0.029,13.241,0.04,13.007,0.04,13.197,0.056,9.978,0.063,7.44,0.074
J094742.50-562630.0,0.0,9.001,0.021,9.06,0.026,9.052,0.019,9.036,0.023,9.083,0.02,9.112,0.031,7.393,0.091
J103845.83-605949.8,0.0,9.486,0.026,8.526,0.065,8.163,0.031,8.029,0.022,8.266,0.02,7.878,0.03,6.945,0.104
J200341.08+270851.1,0.0,9.621,0.021,9.366,0.022,9.143,0.018,8.508,0.023,8.268,0.02,7.753,0.023,6.872,0.079
J173501.67-362918.3,0.0,11.249,0.03,9.701,0.027,8.98,0.023,8.52,0.023,8.537,0.021,7.663,0.025,6.782,0.085
J154232.04-574310.7,0.0,9.637,0.024,8.535,0.051,8.142,0.023,7.895,0.024,8.063,0.018,7.893,0.02,7.288,0.106
J212054.77+465236.7,0.0,12.385,0.023,11.498,0.026,11.085,0.021,10.449,0.023,9.732,0.021,7.118,0.017,4.549,0.024
J071958.97-180155.0,0.0,14.32,0.036,13.71,0.035,13.133,0.027,12.368,0.024,11.895,0.023,7.916,0.021,5.052,0.033
J234654.83+594823.5,0.0,14.993,0.035,14.002,0.033,13.007,0.032,11.869,0.023,11.334,0.02,9.128,0.025,6.407,0.047
J223403.66+555035.6,0.0,14.778,0.045,14.029,0.039,13.339,0.036,12.382,0.024,11.898,0.022,9.902,0.037,7.024,0.076
J084118.23-451652.0,0.0,15.165,0.049,14.164,0.035,13.14,0.033,12.15,0.023,11.517,0.021,9.043,0.028,7.223,0.088
J053822.21+235856.7,0.0,9.661,0.022,9.604,0.022,9.502,0.018,9.229,0.023,8.973,0.02,7.856,0.022,6.631,0.067
J063616.10-012017.9,0.0,8.535,0.02,7.377,0.034,6.94,0.024,6.744,0.07,6.741,0.022,6.435,0.015,6.15,0.047
J092254.75-554411.9,0.0,8.697,0.027,8.557,0.044,8.42,0.034,8.113,0.023,7.912,0.02,7.27,0.017,6.457,0.049
J070132.37-132625.3,0.0,8.837,0.034,8.806,0.053,8.733,0.021,8.656,0.023,8.673,0.019,8.493,0.026,6.824,0.072
J063027.35+014406.3,0.0,9.975,0.021,9.253,0.022,8.919,0.023,8.635,0.024,8.509,0.019,6.471,0.017,5.378,0.036
J131116.87-663822.1,0.0,9.535,0.022,8.332,0.053,7.426,0.026,6.313,0.081,5.898,0.029,3.043,0.013,0.824,0.016
J175624.26-322832.7,0.0,9.763,0.026,8.557,0.053,7.99,0.029,7.727,0.025,7.952,0.02,7.225,0.019,6.726,0.085
J194832.19+181203.6,0.0,9.969,0.022,9.836,0.027,9.623,0.02,9.178,0.023,8.904,0.02,8.155,0.024,7.136,0.096
J175514.06-324915.6,0.0,9.697,0.021,8.52,0.053,7.887,0.026,7.531,0.026,7.629,0.022,6.405,0.016,5.549,0.048
J180040.78-304630.0,0.0,9.136,0.027,7.82,0.036,7.287,0.026,6.955,0.047,7.046,0.021,5.636,0.017,4.639,0.029
J150330.35-625131.8,0.0,15.621,0.081,15.045,0.096,14.815,0.118,14.397,0.061,14.666,0.098,10.296,0.22,7.413,0.104
J084935.85-494920.0,0.0,13.044,0.024,12.204,0.024,11.363,0.021,10.722,0.023,10.29,0.021,8.018,0.027,4.652,0.031
J055733.71+165806.1,0.0,12.582,0.022,11.698,0.019,11.417,0.026,10.624,0.023,10.166,0.022,7.921,0.021,5.62,0.042
J175516.43-324349.7,0.0,9.241,0.027,7.961,0.053,7.332,0.024,7.06,0.049,7.056,0.021,5.858,0.015,4.917,0.031
J072724.21-244603.9,0.0,14.428,0.036,13.561,0.029,13.06,0.029,12.733,0.023,11.847,0.023,8.087,0.02,5.622,0.035
J094844.71-583157.6,0.0,10.099,0.026,9.896,0.024,9.678,0.021,9.416,0.023,9.206,0.019,8.451,0.02,7.281,0.082
J181649.79-240534.1,0.0,9.146,0.024,8.034,0.04,7.492,0.024,7.268,0.029,6.927,0.021,5.993,0.016,5.085,0.035
J194324.98+161923.7,0.0,11.793,0.023,11.267,0.023,10.663,0.02,9.977,0.022,9.469,0.019,7.025,0.015,3.443,0.022
J221540.39+521555.9,0.0,14.451,0.03,13.682,0.036,13.032,0.032,11.952,0.023,11.476,0.021,9.008,0.038,6.307,0.054
J175529.65-322425.8,0.0,9.467,0.024,8.152,0.069,7.53,0.018,7.224,0.035,7.394,0.019,6.386,0.016,5.608,0.042
J075433.28-345249.7,0.0,16.998,0.163,15.878,0.129,14.797,0.108,13.943,0.032,13.471,0.035,9.766,0.045,6.819,0.074
J173404.61-392341.3,0.0,9.512,0.023,8.529,0.046,7.597,0.029,6.337,0.085,5.593,0.056,3.654,0.014,1.718,0.018
J010507.84+591738.8,0.0,14.939,0.041,14.532,0.057,14.242,0.064,13.365,0.025,12.879,0.027,10.033,0.068,7.034,0.099
J175152.43-332545.8,0.0,10.108,0.022,8.929,0.021,8.435,0.019,8.217,0.023,8.234,0.021,7.361,0.021,6.323,0.081
J184054.68-124114.4,0.0,8.504,0.021,7.357,0.04,6.876,0.024,6.679,0.065,6.647,0.02,5.929,0.018,5.089,0.034
J093826.24-570244.6,0.0,13.579,0.024,12.688,0.023,12.14,0.023,11.244,0.022,10.402,0.021,7.889,0.02,5.672,0.037
J175249.99-330419.2,0.0,12.111,0.04,11.166,0.035,10.133,0.026,8.101,0.023,6.871,0.021,4.189,0.013,2.708,0.013
J164923.34-495723.8,0.0,10.151,0.023,8.978,0.027,8.468,0.023,8.191,0.023,8.099,0.02,7.261,0.017,6.368,0.049
J182416.79-200713.7,0.0,9.492,0.024,8.316,0.036,7.804,0.023,7.602,0.026,7.599,0.02,6.678,0.015,5.682,0.048
J220321.19+511549.9,0.0,13.162,0.027,12.381,0.032,11.561,0.023,10.292,0.022,9.627,0.02,8.254,0.02,7.172,0.089
J033226.58+520357.1,0.0,8.004,0.027,7.995,0.044,7.983,0.018,7.912,0.027,7.951,0.021,7.943,0.021,6.948,0.089
J130939.14-660620.3,0.0,13.596,0.042,12.94,0.039,12.358,0.033,11.335,0.067,10.85,0.061,8.269,0.044,6.927,0.065
J202502.83+320536.3,0.0,9.813,0.021,8.592,0.04,8.073,0.02,7.867,0.025,7.932,0.019,7.583,0.019,7.152,0.102
J174731.29-343146.3,0.0,10.006,0.023,8.813,0.023,8.324,0.034,8.023,0.023,8.083,0.02,7.204,0.021,6.271,0.078
J180237.69-285813.1,0.0,9.193,0.026,7.956,0.034,7.388,0.016,7.072,0.04,7.127,0.021,5.894,0.017,4.962,0.033
J174949.38-333947.1,0.0,10.85,0.028,9.431,0.027,8.725,0.025,7.982,0.024,7.701,0.021,6.521,0.018,5.855,0.062
J063209.81+022451.3,0.0,14.382,0.032,13.518,0.034,12.634,0.03,11.472,0.022,10.934,0.021,7.42,0.018,4.633,0.026
J193939.18+155733.6,0.0,8.487,0.023,7.412,0.061,6.927,0.024,6.783,0.061,6.887,0.02,6.442,0.015,5.953,0.056
J180242.14-283415.3,0.0,9.259,0.029,8.054,0.027,7.483,0.017,7.135,0.031,7.234,0.019,6.267,0.016,5.319,0.037
J181027.34-252339.0,0.0,9.828,0.029,8.565,,7.973,,7.509,0.029,7.566,0.021,6.712,0.02,6.047,0.07
J174210.08-393656.4,0.0,8.547,0.024,7.528,0.023,6.883,0.021,6.881,0.073,6.527,0.022,5.438,0.014,4.731,0.033
J180235.68-323231.0,0.0,9.957,0.022,8.87,0.047,8.514,0.025,8.298,0.023,8.215,0.02,7.202,0.019,6.659,0.082
J222457.26+513651.5,0.0,10.681,0.023,10.061,0.028,9.793,0.022,9.448,0.023,9.167,0.019,7.009,0.016,4.773,0.028
J071951.40-240400.6,0.0,9.026,0.018,9.114,0.024,9.156,0.023,9.145,0.023,9.19,0.021,8.969,0.039,6.744,0.076
J092527.12-572144.1,0.0,7.814,0.026,7.839,0.044,7.841,0.018,7.833,0.025,7.887,0.02,7.897,0.018,7.341,0.081
J193301.14+091525.6,0.0,8.963,0.024,7.886,0.033,7.42,0.023,7.189,0.042,7.384,0.02,6.888,0.018,6.433,0.061
J074550.39-341948.4,0.0,8.452,0.018,8.11,0.061,7.545,0.027,7.199,0.036,6.921,0.02,6.261,0.016,5.48,0.036
J074233.18-330405.7,0.0,15.679,0.061,14.856,0.051,14.059,0.055,13.057,0.023,12.606,0.023,10.089,0.05,7.176,0.081
J213105.19+445022.6,0.0,7.935,0.024,6.997,0.033,6.596,0.017,6.41,0.059,6.542,0.021,6.179,0.016,5.905,0.042
J032319.22+512329.3,0.0,10.112,0.021,10.053,0.019,9.976,0.018,9.955,0.023,9.959,0.021,9.336,0.035,7.165,0.107
J172330.04-442501.9,0.0,8.748,0.023,8.582,0.047,8.48,0.021,8.396,0.022,8.41,0.019,8.188,0.031,6.941,0.072
J031317.92+522457.7,0.0,14.117,0.031,13.086,0.022,12.47,0.025,11.703,0.024,11.26,0.021,8.817,0.031,6.564,0.073
J175505.53-343338.5,0.0,9.617,0.022,8.487,0.042,7.993,0.021,7.768,0.026,7.911,0.02,7.288,0.019,6.601,0.062
J072224.82-243058.7,0.0,11.77,0.021,11.14,0.026,10.368,0.023,9.331,0.022,8.886,0.02,6.941,0.016,3.733,0.019
J214656.96+475115.8,0.0,12.172,0.027,11.355,0.028,10.978,0.026,10.436,0.023,9.928,0.02,8.275,0.02,6.502,0.061
J170456.24-482100.6,0.0,8.506,0.032,7.991,0.042,7.792,0.029,7.686,0.026,7.693,0.02,7.496,0.024,7.027,0.095
J195221.76+184018.6,0.0,6.11,0.024,6.166,0.047,6.154,0.016,6.127,0.094,5.973,0.038,5.909,0.015,5.42,0.038
J061254.94+090208.8,0.0,8.075,0.024,8.185,0.033,8.15,0.021,8.148,0.023,8.193,0.02,8.192,0.024,7.163,0.1
J164751.39-514604.0,0.0,8.212,0.021,8.042,0.021,7.761,0.021,7.487,0.027,7.216,0.019,6.765,0.016,6.205,0.047
J175733.86-330244.6,0.0,9.216,0.02,8.109,0.046,7.569,0.021,7.321,0.031,7.495,0.021,6.894,0.018,6.532,0.088
J175013.92-353836.0,0.0,9.589,0.023,8.434,0.026,7.966,0.024,7.667,0.024,7.8,0.02,6.651,0.016,5.688,0.047
J175344.01-342332.4,0.0,8.975,0.037,7.952,0.036,7.521,0.018,7.222,0.035,7.059,0.021,6.349,0.015,5.759,0.046
J181459.01-260337.2,0.0,10.269,0.024,9.113,0.024,8.556,0.02,8.264,0.023,8.318,0.021,7.309,0.021,6.744,0.074
J174600.78-365212.6,0.0,8.86,0.029,7.741,0.044,7.315,0.027,6.984,0.058,7.146,0.021,6.716,0.016,6.258,0.069
J000432.31+580853.9,0.0,13.628,0.026,12.863,0.036,12.348,0.024,11.442,0.023,10.755,0.021,8.393,0.02,6.38,0.047
J053931.97+231520.7,0.0,11.49,0.023,10.754,0.026,10.157,0.021,9.439,0.023,8.883,0.02,6.328,0.015,3.937,0.024
J000904.86+581647.9,0.0,11.7,0.024,10.905,0.028,10.35,0.02,9.649,0.022,9.096,0.02,7.92,0.018,5.621,0.033
J170009.41-490039.9,0.0,8.334,0.041,7.22,0.046,6.689,0.026,6.503,0.073,6.494,0.023,5.314,0.015,4.378,0.031
J214454.85+475307.9,0.0,13.567,0.026,12.651,0.024,12.145,0.025,11.265,0.023,10.767,0.02,8.584,0.022,6.22,0.05
J020616.42+571825.6,0.0,7.644,0.02,7.674,0.026,7.66,0.017,7.603,0.03,7.63,0.021,7.617,0.017,7.07,0.092
J180256.19-303657.4,0.0,10.058,0.022,8.913,0.022,8.434,0.021,8.263,0.023,8.304,0.02,7.677,0.021,6.582,0.067
J183555.95-162121.5,0.0,14.79,0.047,12.557,0.035,10.54,0.019,8.135,0.024,6.601,0.022,3.851,0.015,2.107,0.02
J211904.03+434548.6,0.0,9.603,0.022,9.586,0.023,9.516,0.016,9.501,0.023,9.533,0.02,9.379,0.034,7.265,0.08
J102247.90-620315.5,0.0,11.291,0.024,11.348,0.022,11.358,0.019,11.381,0.023,11.45,0.022,10.221,0.046,7.709,0.106
J133724.41-662835.2,0.0,9.552,0.021,8.484,0.046,8.043,0.031,7.848,0.024,7.927,0.021,7.239,0.018,6.363,0.05
J115421.55-661457.2,0.0,14.384,0.035,14.018,0.049,13.928,0.062,13.862,0.029,14.142,0.041,10.552,0.068,7.542,0.088
J114741.84-685910.2,0.0,8.336,0.027,8.081,0.046,7.986,0.031,7.964,0.023,7.922,0.019,7.779,0.017,7.494,0.087
J172322.93-481359.8,0.0,9.762,0.026,8.718,0.026,8.253,0.021,8.141,0.023,8.336,0.02,7.709,0.022,7.186,0.101
J231201.40+532028.6,0.0,8.307,0.024,8.316,0.024,8.253,0.027,8.271,0.022,8.287,0.02,8.062,0.021,6.84,0.062
J223158.92+501736.8,0.0,9.948,0.021,9.079,0.03,8.708,0.018,8.505,0.023,8.485,0.02,8.008,0.019,7.39,0.098
J071848.88-271140.0,0.0,13.085,0.029,12.364,0.027,11.89,0.026,11.223,0.022,10.779,0.021,8.623,0.026,6.591,0.073
J182021.64-283837.4,0.0,9.582,0.021,8.508,0.023,8.009,0.026,7.785,0.023,7.917,0.019,7.06,0.017,6.273,0.062
J055047.52+142231.3,0.0,6.801,0.023,5.872,0.02,5.561,0.016,5.582,0.047,5.492,0.051,5.329,0.018,5.241,0.034
J080630.27-440542.1,0.0,11.127,0.029,10.459,0.027,10.108,0.026,9.703,0.023,9.474,0.02,7.72,0.018,5.672,0.036
J174912.67-394415.5,0.0,9.703,0.022,8.759,0.027,8.33,0.027,8.093,0.023,7.794,0.021,7.018,0.02,6.392,0.069
J170623.10-510257.5,0.0,7.892,0.023,6.871,0.026,6.403,0.023,6.351,0.079,6.192,0.025,5.243,0.015,4.168,0.024
J035302.29+455724.7,0.0,8.262,0.02,8.304,0.04,8.283,0.017,8.203,0.021,8.262,0.02,8.286,0.023,7.052,0.108
J175334.44-380500.7,0.0,8.631,0.02,8.072,0.027,7.613,0.016,7.187,0.029,6.699,0.022,5.136,0.015,3.953,0.024
J175127.53-384747.1,0.0,8.775,0.023,7.318,0.042,6.5,0.027,6.2,0.095,5.42,0.052,3.288,0.012,2.202,0.015
J212931.71+425656.2,0.0,7.388,0.021,6.431,0.024,6.1,0.018,6.058,0.1,5.922,0.047,5.619,0.015,5.284,0.031
J174706.08-394943.3,0.0,8.531,0.029,7.496,0.042,7.004,0.023,6.664,0.077,6.622,0.022,5.623,0.016,4.576,0.025
J173443.24-433214.5,0.0,9.697,0.024,8.695,0.026,8.362,0.04,8.145,0.024,8.149,0.02,7.51,0.019,6.934,0.094
J115059.53-680134.1,0.0,13.729,0.035,13.54,0.04,13.452,0.049,13.163,0.025,13.116,0.03,9.576,0.033,7.558,0.083
J192104.69+020212.4,0.0,9.052,0.024,8.025,0.042,7.653,0.023,7.45,0.029,7.607,0.021,7.374,0.018,6.982,0.088
J162217.77-574305.4,0.0,11.017,0.022,10.498,0.024,9.783,0.023,8.158,0.023,6.92,0.02,4.211,0.014,2.701,0.022
J042016.75+421851.7,0.0,8.165,0.024,7.659,0.04,7.499,0.024,7.324,0.035,7.313,0.019,6.994,0.019,6.489,0.076
J100129.13-620428.5,0.0,12.866,0.028,12.046,0.024,11.266,0.022,10.36,0.022,9.788,0.019,6.942,0.013,4.708,0.021
J205101.22+353454.0,0.0,8.166,0.023,7.194,0.018,6.752,0.016,6.638,0.076,6.643,0.023,6.25,0.015,5.591,0.028
J230357.58+541153.7,0.0,8.329,0.02,8.198,0.017,8.073,0.014,7.823,0.025,7.643,0.02,7.03,0.017,6.185,0.044
J170846.20-491344.4,0.0,9.245,0.023,8.189,0.026,7.782,0.029,7.586,0.034,7.621,0.021,6.999,0.017,6.3,0.063
J160408.44-592455.5,0.0,8.145,0.024,7.136,0.04,6.681,0.026,6.533,0.077,6.626,0.022,6.065,0.014,5.531,0.044
J193316.86+084621.6,0.0,9.6,0.022,8.582,0.059,8.166,0.023,8.013,0.025,8.009,0.021,7.083,0.017,6.188,0.047
J201615.07+260116.5,0.0,9.729,0.021,8.667,0.02,8.262,0.017,8.099,0.023,8.251,0.02,7.123,0.016,6.211,0.043
J052039.21+370144.7,0.0,15.405,0.08,14.461,0.047,13.698,0.038,12.549,0.024,12.066,0.022,9.689,0.052,6.663,0.07
J101026.98-560453.3,0.0,14.042,0.033,12.334,0.022,11.648,0.021,11.141,0.022,11.124,0.021,9.777,0.054,7.263,0.101
J063153.33+093413.1,0.0,13.348,0.024,12.511,0.023,12.101,0.026,11.454,0.023,11.135,0.021,9.235,0.053,6.53,0.087
J192825.22+173357.0,0.0,11.003,0.02,8.539,0.026,7.313,0.026,6.622,0.038,6.536,0.02,6.363,0.022,6.042,0.067
J205120.98+442619.5,0.0,11.877,0.022,10.957,0.031,10.298,0.019,9.173,0.023,8.517,0.02,6.773,0.017,4.959,0.03
J205819.99+455415.2,0.0,9.749,0.023,8.295,0.04,7.637,0.027,7.367,0.028,7.301,0.02,6.743,0.015,6.177,0.05
J052626.13+353000.3,0.0,12.71,0.023,12.356,0.023,12.133,0.024,12.051,0.024,12.051,0.024,9.792,0.068,6.847,0.103
J065454.71-012232.8,0.0,7.781,0.026,7.559,0.038,7.419,0.026,7.382,0.035,7.321,0.019,7.08,0.017,6.778,0.096
J012908.53+624247.1,0.0,14.95,0.033,14.055,0.056,13.098,0.034,11.961,0.024,11.334,0.023,8.798,0.027,6.952,0.101
J234447.79+620336.1,0.0,14.71,0.043,14.053,0.055,13.322,0.039,12.951,0.023,12.635,0.025,10.6,0.053,6.65,0.058
J132301.79-622632.2,0.0,8.083,0.024,7.803,0.026,7.642,0.018,7.551,0.026,7.528,0.02,7.25,0.029,6.215,0.081
J232808.19+612929.4,0.0,10.286,0.025,10.037,0.03,9.804,0.021,10.067,0.022,9.856,0.02,8.805,0.028,7.6,0.095
J201719.79+355642.8,0.0,13.253,0.028,11.718,0.024,10.612,0.026,9.39,0.023,8.606,0.019,6.969,0.018,5.293,0.038
J111159.53-601522.9,0.0,13.32,0.033,12.498,0.027,11.644,0.023,10.891,0.023,10.354,0.021,7.45,0.021,5.17,0.039
J234506.28+620909.6,0.0,14.218,0.03,13.572,0.042,13.108,0.037,12.171,0.025,11.706,0.022,9.148,0.027,6.112,0.04
J222136.25+573617.0,0.0,15.103,0.06,14.437,0.063,14.318,0.081,13.844,0.03,13.891,0.041,9.922,0.071,7.349,0.104
J052735.68+353547.7,0.0,14.386,0.031,13.507,0.036,12.671,0.027,11.471,0.023,10.798,0.021,8.275,0.024,5.938,0.051
J230725.05+604514.3,0.0,14.229,0.034,13.247,0.04,12.379,0.032,11.244,0.023,10.592,0.02,7.987,0.024,6.111,0.054
J084005.43-405835.3,0.0,10.482,0.022,10.424,0.021,10.392,0.021,10.322,0.022,10.351,0.019,9.701,0.042,6.989,0.102
J232537.66+613847.9,0.0,10.736,0.025,10.536,0.028,10.468,0.021,10.383,0.023,10.415,0.02,10.187,0.068,7.245,0.077
J111500.04-601219.6,0.0,12.033,0.026,11.68,0.022,11.363,0.023,10.992,0.024,10.699,0.022,9.202,0.05,7.244,0.098
J164356.05-450806.9,0.0,12.121,0.036,9.492,0.027,8.185,0.021,7.341,0.028,7.135,0.021,6.161,0.022,4.895,0.046
J063202.18+102609.4,0.0,12.124,0.026,10.976,0.022,10.314,0.023,9.513,0.022,8.968,0.02,7.088,0.017,5.194,0.037
J235510.36+722736.9,0.0,8.426,0.027,8.353,0.024,8.109,0.027,7.771,0.025,7.466,0.02,6.648,0.015,5.781,0.041
J111617.36-495603.9,0.0,8.021,0.023,7.04,0.027,6.496,0.024,6.225,0.094,5.98,0.035,5.348,0.015,4.667,0.03
J094752.64-402723.4,0.0,7.866,0.019,6.97,0.021,6.741,0.017,6.588,0.077,6.513,0.023,5.782,0.015,5.343,0.039
J183215.52+140430.3,0.0,10.845,0.022,10.134,0.021,9.842,0.02,9.089,0.022,8.738,0.02,6.146,0.016,3.512,0.025
J211600.67+643212.2,0.0,8.476,0.029,8.367,0.024,8.395,0.021,8.333,0.023,8.36,0.02,8.244,0.022,7.425,0.109
J212626.52+654622.6,0.0,10.144,0.027,9.007,0.028,8.595,0.019,8.428,0.023,8.552,0.02,8.289,0.02,7.605,0.091
J154359.83-411640.1,0.0,8.248,0.024,7.287,0.036,6.753,0.024,6.169,0.092,5.94,0.04,4.981,0.015,4.31,0.026
J030932.49+704205.4,0.0,8.321,0.026,7.662,0.031,7.436,0.017,7.012,0.05,6.876,0.021,6.68,0.016,6.362,0.049
J164848.64-274153.0,0.0,9.036,0.021,8.102,0.038,7.774,0.018,7.578,0.027,7.647,0.019,7.245,0.018,6.847,0.084
J152714.42-430940.6,0.0,10.508,0.026,9.827,0.022,9.762,0.021,9.548,0.024,9.617,0.02,7.87,0.02,6.143,0.055
J204531.80+622345.4,0.0,7.6,0.019,7.606,0.033,7.613,0.018,7.551,0.031,7.606,0.02,7.587,0.016,7.13,0.074
J081024.33-104650.3,0.0,8.074,0.018,7.167,0.046,6.776,0.023,6.672,0.075,6.688,0.023,5.929,0.014,4.986,0.035
J075310.87-025719.2,0.0,7.222,0.026,6.276,0.036,5.962,0.026,5.952,0.102,5.951,0.04,5.686,0.014,5.35,0.044
J175835.23+012512.8,0.0,7.17,0.021,6.275,0.033,5.968,0.021,6.073,0.042,5.979,0.024,5.869,0.012,5.628,0.041
J155605.60-365334.5,0.0,8.153,0.021,7.974,0.042,7.94,0.02,7.906,0.026,7.915,0.02,7.847,0.022,6.94,0.087
J180155.40+042216.3,0.0,9.954,0.023,9.547,0.03,9.347,0.02,8.904,0.023,8.56,0.02,5.868,0.014,4.324,0.025
J173037.85-093317.2,0.0,8.979,0.027,7.778,0.036,7.31,0.029,7.107,0.038,7.147,0.021,6.9,0.017,6.47,0.067
J082106.35-125651.6,0.0,7.286,0.02,6.388,0.034,6.013,0.023,5.997,0.105,6.002,0.034,4.977,0.015,4.135,0.026
J210233.01+680729.1,0.0,11.559,0.027,10.713,0.029,10.411,0.021,9.905,0.023,9.452,0.02,8.021,0.028,6.915,0.086
J130743.88-480019.5,0.0,9.525,0.023,8.602,0.038,8.435,0.021,8.32,0.023,8.324,0.02,7.955,0.018,7.422,0.106
J141805.31-445301.5,0.0,15.645,0.087,14.776,0.093,14.157,0.077,13.357,0.026,12.754,0.028,9.574,0.036,6.83,0.063
J080101.79+012015.8,0.0,7.555,0.03,6.692,0.033,6.445,0.026,6.393,0.078,6.43,0.023,6.078,0.015,5.624,0.04
J063957.56+440224.7,0.0,8.694,0.019,7.826,0.044,7.487,0.023,7.246,0.03,7.043,0.02,6.146,0.015,5.386,0.035
J093629.74-291418.7,0.0,9.384,0.023,8.473,0.046,8.199,0.024,8.116,0.023,8.045,0.02,7.623,0.017,7.292,0.092
J164353.78-185712.0,0.0,13.332,0.029,13.244,0.032,12.519,0.035,11.622,0.023,10.835,0.021,5.623,0.015,0.918,0.011
J160651.14-281437.6,0.0,8.752,0.019,7.871,0.046,7.477,0.021,7.264,0.033,6.857,0.023,4.392,0.013,3.318,0.022
J200625.71+681727.6,0.0,8.467,0.024,8.472,0.029,8.48,0.018,8.403,0.023,8.421,0.02,8.393,0.02,7.823,0.095
J182240.71+293116.3,0.0,9.286,0.022,8.476,0.018,8.165,0.016,7.943,0.023,7.69,0.02,7.31,0.017,7.013,0.083
J165707.77-114848.8,0.0,7.927,0.041,6.918,0.033,6.568,0.02,6.383,0.081,6.332,0.026,5.23,0.015,4.214,0.022
J173202.87+024925.5,0.0,7.382,0.021,7.442,0.046,7.446,0.018,7.397,0.035,7.451,0.02,7.392,0.018,6.709,0.09
J205902.82+754529.3,0.0,11.808,0.031,11.031,0.038,10.549,0.024,9.984,0.022,9.589,0.02,7.857,0.017,5.754,0.034
J102636.36-343431.1,0.0,8.42,0.024,8.09,0.034,7.958,0.023,7.854,0.026,7.874,0.02,7.607,0.017,7.043,0.092
J160848.36-234121.1,0.0,12.583,0.024,11.911,0.023,11.591,0.019,11.3,0.023,10.925,0.022,9.217,0.036,6.605,0.074
J160205.16-233107.2,0.0,11.73,0.021,11.041,0.023,10.673,0.021,10.081,0.023,9.428,0.02,7.961,0.021,5.962,0.054
J161205.04-204340.7,0.0,10.102,0.024,9.321,0.023,9.065,0.024,8.91,0.023,8.714,0.021,7.497,0.019,5.931,0.058
J160628.59-212130.0,0.0,10.693,0.026,9.849,0.024,9.369,0.024,8.785,0.023,8.386,0.019,7.352,0.02,4.919,0.031
J160421.64-213028.7,0.0,9.948,0.023,9.103,0.024,8.506,0.021,7.611,0.029,7.166,0.02,6.716,0.017,4.355,0.028
J172159.25+065442.1,0.0,8.429,0.046,7.938,0.046,7.791,0.023,7.736,0.03,7.521,0.02,7.042,0.017,6.712,0.071
J160900.75-190852.9,0.0,10.22,0.023,9.475,0.026,9.154,0.027,8.696,0.022,8.444,0.019,6.168,0.015,3.622,0.022
J160558.63-194903.1,0.0,11.749,0.024,11.201,0.023,10.741,0.022,10.59,0.023,10.262,0.021,8.662,0.029,7.037,0.095
J160959.32-180009.3,0.0,11.306,0.022,10.623,0.022,10.343,0.023,10.142,0.023,9.8,0.021,7.483,0.018,4.684,0.027
J155701.46-204618.8,0.0,11.648,0.023,10.883,0.026,10.383,0.02,9.871,0.023,9.336,0.021,8.102,0.022,6.243,0.069
J135336.30-364911.6,0.0,15.666,0.094,15.289,0.159,14.271,,13.918,0.026,13.663,0.032,9.521,0.035,7.396,0.096
J053643.61+825703.2,0.0,12.384,0.025,11.792,0.03,11.259,0.026,10.467,0.023,10.018,0.019,8.361,0.021,6.355,0.056
J102845.74-283037.6,0.0,10.953,0.027,10.41,0.026,10.026,0.024,9.484,0.022,8.992,0.02,8.241,0.022,6.821,0.094
J174109.45+281403.4,0.0,9.001,0.041,8.051,0.044,7.851,0.02,7.797,0.026,7.9,0.019,7.479,0.017,7.116,0.095
J112457.49-310125.7,0.0,16.345,0.101,15.894,0.14,14.967,0.121,14.055,0.027,13.254,0.03,9.623,0.04,6.763,0.074
J075739.78+773434.9,0.0,6.292,0.019,6.198,0.017,6.167,0.016,6.196,0.092,6.088,0.032,6.092,0.015,5.275,0.027
J081345.91+381049.7,0.0,15.61,0.076,14.755,0.085,14.392,0.09,13.224,0.025,12.809,0.026,9.577,0.043,7.151,0.099
J081016.54+464520.4,0.0,8.041,0.019,7.124,0.033,6.892,0.018,6.779,0.061,6.84,0.02,6.456,0.016,6.149,0.05
J133901.74-240113.9,0.0,15.601,0.057,14.542,0.057,13.726,0.055,12.431,0.024,11.422,0.022,8.588,0.026,6.226,0.051
J094608.30+035750.2,0.0,9.065,0.026,8.848,0.053,8.53,0.023,7.798,0.027,7.399,0.02,6.098,0.016,4.295,0.026
J093351.35+144600.0,0.0,7.801,0.019,6.923,0.023,6.664,0.018,6.618,0.076,6.514,0.022,6.292,0.015,5.948,0.052
J162313.17+440828.2,0.0,8.726,0.029,7.926,0.023,7.587,0.021,7.162,0.03,6.868,0.02,6.447,0.015,6.148,0.038
J095436.27+452108.6,0.0,17.157,0.199,16.432,0.202,15.541,0.174,15.259,0.036,14.692,0.056,10.063,0.057,6.941,0.085
J095310.02+335352.5,0.0,7.614,0.018,6.781,0.016,6.567,0.021,6.496,0.065,6.54,0.027,6.317,0.017,5.726,0.042
J151811.34+313849.3,0.0,7.907,0.02,7.713,0.031,7.706,0.016,7.351,0.036,7.386,0.019,7.222,0.016,6.964,0.063
J143946.97+495805.3,0.0,16.08,0.097,15.219,0.099,14.394,0.086,13.248,0.024,12.137,0.022,9.172,0.029,6.692,0.058
J141148.17+114704.6,0.0,15.866,0.087,15.237,0.107,14.638,0.117,13.44,0.025,12.568,0.024,9.428,0.032,6.625,0.06
J132222.67+464535.3,0.0,16.494,0.124,15.792,0.169,14.783,0.104,13.174,0.024,11.976,0.023,9.063,0.031,6.571,0.059
J201245.10+472341.4,0.0,8.941,0.024,8.226,0.02,7.99,0.02,7.822,0.025,7.888,0.019,7.727,0.018,7.219,0.08
J024405.05+675230.0,0.0,8.96,0.02,8.778,0.026,8.687,0.023,8.623,0.022,8.628,0.02,8.595,0.025,7.377,0.105
J052539.72+483844.8,0.0,15.256,0.042,14.866,0.06,14.392,0.056,13.683,0.026,13.287,0.031,10.112,0.058,6.838,0.074
J114518.15-541644.5,0.0,8.113,0.027,7.132,0.036,6.795,0.026,6.679,0.069,6.744,0.02,6.473,0.015,6.246,0.046
J170944.91-272932.2,0.0,9.857,0.021,8.726,0.051,8.368,0.021,8.16,0.024,8.231,0.02,6.674,0.017,5.612,0.043
J100928.65-465442.5,0.0,11.703,0.026,11.0,0.024,10.213,0.028,9.149,0.022,8.43,0.02,6.653,0.015,5.317,0.035
J180215.74-072126.2,0.0,8.621,0.032,7.439,0.031,6.948,0.024,6.659,0.081,6.618,0.023,5.448,0.016,4.408,0.026
J045003.60+563126.9,0.0,13.35,0.025,12.723,0.026,12.35,0.021,11.178,0.023,10.344,0.02,8.502,0.026,7.158,0.092
J084539.23-304257.9,0.0,7.948,0.018,6.958,0.029,6.604,0.021,6.456,0.077,6.547,0.02,6.195,0.015,5.996,0.039
J170509.44-273101.5,0.0,9.716,0.022,8.833,0.027,8.471,0.023,8.279,0.023,8.062,0.018,7.358,0.016,6.777,0.084
J011922.74+710255.3,0.0,9.816,0.027,8.946,0.035,8.585,0.023,8.424,0.023,8.25,0.02,7.573,0.019,7.002,0.086
J171623.90-234337.7,0.0,7.524,0.024,6.618,0.024,6.263,0.02,6.149,0.09,6.095,0.025,5.861,0.016,5.63,0.039
J132421.88-535958.4,0.0,7.463,0.023,7.458,0.029,7.455,0.024,7.416,0.026,7.444,0.02,7.396,0.017,6.845,0.058
J173514.52-161314.9,0.0,9.17,0.022,8.153,0.018,7.696,0.024,7.544,0.031,7.695,0.02,7.247,0.019,6.889,0.091
J173412.99-162743.6,0.0,9.525,0.022,8.73,0.047,8.001,0.027,6.843,0.034,6.312,0.024,5.663,0.014,4.796,0.031
J084837.62-293343.4,0.0,8.358,0.021,7.446,0.021,7.181,0.02,6.872,0.053,6.991,0.02,6.593,0.016,6.339,0.063
J121748.62-534125.5,0.0,10.344,0.022,10.369,0.022,10.365,0.021,10.368,0.023,10.391,0.02,9.741,0.035,6.332,0.046
J182338.78+060907.9,0.0,9.167,0.023,8.187,0.029,7.786,0.021,7.665,0.028,7.73,0.02,7.354,0.018,7.045,0.097
J113654.75-521105.9,0.0,9.36,0.024,8.352,0.053,8.021,0.031,7.89,0.025,8.01,0.019,7.579,0.017,7.256,0.081
J152817.41-450805.8,0.0,7.303,0.021,7.24,0.055,7.165,0.031,7.09,0.045,7.046,0.022,6.758,0.016,6.33,0.061
J184211.26+164621.5,0.0,8.326,0.018,7.291,0.02,6.853,0.021,6.707,0.06,6.599,0.021,5.561,0.015,4.587,0.031
J093230.58-381858.4,0.0,7.918,0.027,7.613,0.042,7.512,0.023,7.165,0.035,7.311,0.019,6.998,0.017,6.494,0.059
J072358.68+055252.8,0.0,7.85,0.029,6.894,0.036,6.57,0.021,6.412,0.076,6.357,0.023,5.717,0.014,4.883,0.033
J041049.16+380445.7,0.0,11.425,0.026,10.605,0.037,10.113,0.018,9.416,0.023,8.664,0.02,6.299,0.015,4.489,0.025
J153051.32-680851.6,0.0,8.506,0.02,7.583,0.036,7.15,0.017,7.068,0.041,7.046,0.02,6.348,0.016,5.63,0.037
J151159.64-685757.2,0.0,7.985,0.018,7.079,0.026,6.729,0.021,6.658,0.066,6.753,0.022,6.177,0.016,5.613,0.036
J042541.31+353718.9,0.0,11.172,0.021,10.545,0.022,10.069,0.017,9.102,0.023,8.628,0.02,7.308,0.019,3.779,0.029
J193629.79+012019.4,0.0,8.995,0.027,8.066,0.036,7.742,0.017,7.235,0.038,7.18,0.02,6.754,0.018,6.39,0.065
J055103.61+082048.8,0.0,14.357,0.033,13.488,0.033,12.93,0.033,12.29,0.024,11.874,0.022,9.499,0.046,5.356,0.035
J035607.78+413302.0,0.0,12.433,0.022,11.621,0.022,11.279,0.02,10.667,0.023,10.168,0.021,8.202,0.023,6.325,0.057
J064022.05-141410.8,0.0,11.915,0.026,11.387,0.022,11.178,0.021,10.506,0.023,10.125,0.021,7.851,0.019,5.792,0.037
J051242.95+240737.3,0.0,9.533,0.021,8.421,0.016,8.087,0.023,7.846,0.026,7.796,0.021,6.938,0.017,6.0,0.053
J181419.44-360126.6,0.0,9.37,0.021,8.603,0.046,8.223,0.027,7.898,0.026,7.855,0.02,6.124,0.014,5.489,0.037
J073130.12-365327.0,0.0,8.63,0.027,8.637,0.065,8.569,0.023,8.532,0.023,8.567,0.02,8.389,0.023,7.199,0.106
J202014.68+210610.1,0.0,10.315,0.021,10.113,0.027,9.811,0.022,9.488,0.023,9.091,0.02,7.872,0.024,6.747,0.081
J080957.52-490820.1,0.0,8.941,0.032,8.968,0.073,8.95,0.021,8.925,0.022,8.956,0.019,8.595,0.026,6.604,0.056
J042859.11+362311.0,0.0,11.986,0.024,10.96,0.032,10.427,0.023,9.976,0.022,9.507,0.02,7.743,0.021,6.14,0.058
J190024.97-132810.3,0.0,9.81,0.022,8.819,0.063,8.356,0.024,8.162,0.023,8.026,0.019,7.346,0.017,6.613,0.091
J070019.35-220708.5,0.0,6.884,0.024,6.987,0.063,6.988,0.024,6.714,0.072,6.708,0.021,6.341,0.015,5.973,0.047
J193910.66+054349.9,0.0,7.911,0.032,6.902,0.023,6.534,0.02,6.422,0.075,6.459,0.023,6.26,0.016,5.964,0.044
J192424.40-011501.1,0.0,9.16,0.019,8.053,0.036,7.648,0.029,7.522,0.029,7.415,0.02,5.402,0.016,3.891,0.024
J210532.21+352505.7,0.0,9.059,0.025,8.107,0.023,7.794,0.02,7.647,0.029,7.806,0.02,7.223,0.016,6.835,0.092
J180757.20-362952.2,0.0,8.598,0.018,7.68,0.034,7.204,0.018,7.107,0.045,7.137,0.02,6.562,0.016,6.132,0.056
J010054.10+550400.0,0.0,12.872,0.024,11.984,0.015,11.158,0.021,9.725,0.023,8.892,0.019,7.057,0.016,5.528,0.028
J045903.04+300300.1,0.0,10.697,0.018,9.848,0.016,9.387,0.017,8.901,0.023,8.526,0.019,7.158,0.015,5.109,0.034
J130821.73-702508.4,0.0,8.281,0.019,7.352,0.047,7.061,0.018,6.957,0.04,7.007,0.021,6.754,0.015,6.491,0.055
J192840.51+013449.4,0.0,9.007,0.019,8.018,0.04,7.647,0.02,7.485,0.033,7.536,0.021,7.198,0.016,6.833,0.075
J120835.25-700322.2,0.0,10.451,0.028,10.245,0.03,10.151,0.031,9.946,0.023,9.941,0.02,9.218,0.027,7.552,0.094
J203633.18+282140.9,0.0,14.51,,14.362,0.101,13.809,0.069,12.545,0.023,11.813,0.022,8.556,0.023,6.342,0.046
J181955.31-304817.3,0.0,9.204,0.029,8.155,0.038,7.741,0.016,7.52,0.026,7.653,0.02,7.18,0.015,6.722,0.078
J120618.38-694753.7,0.0,7.45,0.018,7.524,0.04,7.504,0.024,7.512,0.027,7.547,0.021,7.585,0.018,7.017,0.064
J064242.94-113925.0,0.0,9.648,0.024,9.102,0.026,8.389,0.023,7.236,0.03,6.087,0.026,3.956,0.016,2.808,0.019
J223553.38+500414.8,0.0,6.349,0.02,6.405,0.036,6.459,0.024,6.468,0.073,6.423,0.023,6.53,0.015,5.955,0.047
J212617.91+404550.1,0.0,9.782,0.023,8.609,0.034,8.248,0.027,8.042,0.022,8.012,0.02,7.33,0.017,6.574,0.054
J073937.23-363011.8,0.0,8.226,0.026,8.253,0.047,8.302,0.024,8.305,0.023,8.353,0.02,8.33,0.021,6.479,0.051
J060417.81-100334.9,0.0,11.094,0.024,10.436,0.024,9.695,0.021,8.69,0.023,8.179,0.021,5.662,0.014,3.304,0.019
J040219.09+324015.1,0.0,12.27,0.023,11.509,0.03,11.216,0.022,10.519,0.023,9.967,0.02,7.802,0.02,5.989,0.047
J060345.82-093605.2,0.0,13.661,0.028,12.536,0.026,11.767,0.026,10.854,0.022,10.333,0.02,8.888,0.031,6.844,0.075
J063428.26-251322.8,0.0,7.557,0.021,6.675,0.02,6.316,0.023,6.299,0.086,6.227,0.026,5.791,0.015,5.182,0.035
J072114.64-463619.9,0.0,9.284,0.022,9.022,0.022,8.942,0.019,8.952,0.023,8.986,0.02,8.662,0.022,6.92,0.074
J063949.97-271109.6,0.0,13.893,0.031,12.94,0.033,12.4,0.033,11.505,0.023,11.036,0.021,9.058,0.032,6.691,0.066
J082053.67-622336.3,0.0,7.837,0.019,7.92,0.034,7.883,0.021,7.868,0.024,7.914,0.019,7.582,0.015,6.896,0.056
J040818.25+322736.0,0.0,7.118,0.024,7.165,0.036,7.105,0.02,7.088,0.049,7.116,0.02,6.964,0.017,5.951,0.056
J054611.87+003225.8,0.0,10.936,0.024,10.046,0.023,9.448,0.019,8.668,0.023,8.396,0.02,7.253,0.021,4.496,0.028
J060413.65-071148.3,0.0,10.249,0.026,10.167,0.024,10.158,0.023,10.069,0.024,10.012,0.02,8.449,0.022,6.531,0.059
J072301.97-444015.7,0.0,12.746,0.023,12.102,0.022,11.409,0.019,10.869,0.023,10.343,0.02,7.296,0.017,5.299,0.031
J060423.43-064230.0,0.0,12.629,0.029,11.747,0.024,11.336,0.025,10.729,0.023,10.244,0.02,8.451,0.024,6.648,0.079
J063645.94-224538.0,0.0,8.602,0.018,7.617,0.017,7.338,0.021,7.241,0.045,7.336,0.02,6.949,0.017,6.623,0.063
J061706.96-120322.7,0.0,12.61,0.024,11.853,0.027,11.417,0.024,10.854,0.023,10.475,0.02,7.745,0.02,5.441,0.035
J064400.85-254201.4,0.0,11.733,0.028,11.234,0.029,10.733,0.024,9.819,0.023,9.385,0.019,7.815,0.02,5.884,0.047
J053135.16+095155.4,0.0,14.3,0.038,13.483,0.037,12.665,0.031,10.803,0.024,9.892,0.021,5.508,0.015,3.392,0.024
J083500.42-613938.3,0.0,9.463,0.024,8.83,0.042,8.726,0.026,8.579,0.022,8.692,0.019,8.528,0.02,7.817,0.103
J192307.31-120910.4,0.0,7.716,0.023,6.827,0.023,6.472,0.018,6.221,0.098,6.119,0.024,5.63,0.014,5.125,0.031
J054951.53+023637.1,0.0,12.774,0.024,11.845,0.024,11.396,0.022,10.821,0.022,10.321,0.02,8.583,0.031,6.0,0.049
J064131.36-230610.6,0.0,7.725,0.021,6.812,0.061,6.472,0.024,6.384,0.088,6.369,0.025,5.988,0.015,5.574,0.04
J075805.87-531414.5,0.0,9.578,0.027,8.878,0.04,8.733,0.019,8.596,0.023,8.684,0.019,8.549,0.021,7.712,0.109
J052923.93+115157.5,0.0,9.422,0.025,8.669,0.032,8.043,0.027,7.465,0.032,7.04,0.02,5.199,0.015,3.527,0.024
J015941.60+492042.9,0.0,9.141,0.021,8.088,0.021,7.739,0.018,7.572,0.032,7.738,0.02,7.448,0.017,7.008,0.096
J055301.39+021002.8,0.0,9.089,0.024,7.755,0.023,7.204,0.018,6.948,0.034,7.009,0.019,6.73,0.017,6.506,0.064
J190417.12-202210.8,0.0,7.551,0.021,6.658,0.034,6.198,0.026,6.135,0.107,5.922,0.042,5.192,0.016,4.429,0.036
J061037.63-053520.4,0.0,8.75,0.023,8.318,0.031,8.053,0.027,7.54,0.032,7.299,0.02,7.023,0.018,6.631,0.069
J232834.08+490819.6,0.0,11.627,0.023,10.908,0.024,10.617,0.021,10.547,0.022,10.332,0.02,7.894,0.018,5.278,0.03
J185003.56-262415.4,0.0,8.168,0.029,7.52,0.027,7.204,0.021,6.897,0.061,6.74,0.022,5.908,0.016,5.415,0.037
J084702.18-614058.1,0.0,7.866,0.035,6.95,0.029,6.581,0.029,6.529,0.085,6.308,0.027,5.98,0.015,5.544,0.031
J061341.92-062321.1,0.0,13.0,0.023,12.019,0.022,11.427,0.021,10.759,0.023,10.261,0.02,9.046,0.029,6.403,0.063
J053236.51+122748.3,0.0,13.87,0.024,12.651,0.026,11.73,0.021,10.353,0.023,9.619,0.02,8.038,0.023,6.363,0.064
J080739.87-532923.9,0.0,8.452,0.029,8.425,0.038,8.339,0.033,8.327,0.023,8.352,0.02,8.255,0.019,7.575,0.088
J061439.95-062917.4,0.0,11.712,0.026,11.048,0.023,10.611,0.021,9.763,0.021,9.428,0.018,7.457,0.019,5.688,0.039
J054213.74+084356.4,0.0,11.798,0.024,11.009,0.025,10.536,0.023,9.806,0.021,9.492,0.018,7.088,0.015,4.82,0.026
J024542.12+480837.8,0.0,7.93,0.02,7.821,0.033,7.746,0.02,7.783,0.024,7.76,0.02,7.752,0.019,6.586,0.065
J063358.64-144723.3,0.0,7.571,0.02,7.503,0.04,7.325,0.024,8.04,0.022,7.795,0.02,7.122,0.017,6.382,0.056
J164629.17-613304.8,0.0,8.501,0.029,7.522,0.036,7.171,0.029,6.93,0.048,6.861,0.019,6.217,0.015,5.557,0.043
J042130.86+353538.7,0.0,8.609,0.023,7.519,0.026,7.116,0.021,7.0,0.044,6.979,0.019,6.439,0.018,5.849,0.052
J191447.17-104557.6,0.0,13.072,0.026,12.401,0.03,11.692,0.023,10.566,0.023,10.043,0.021,8.169,0.023,6.588,0.075
J052331.01-010423.6,0.0,9.147,0.021,8.466,0.042,7.856,0.021,6.986,0.063,6.491,0.022,4.513,0.016,1.817,0.022
J053345.25-053049.7,0.0,10.263,0.023,9.26,0.03,8.606,0.021,8.108,0.024,7.293,0.021,4.715,0.02,2.754,0.032
J084156.61-751857.6,0.0,7.864,0.023,6.967,0.034,6.619,0.021,6.523,0.069,6.546,0.023,5.899,0.015,5.306,0.03
J054126.50-085839.4,0.0,12.748,0.029,11.702,0.028,11.072,0.024,10.388,0.023,10.011,0.021,7.618,0.02,5.037,0.037
J054247.79-091037.8,0.0,12.364,0.029,11.492,0.022,11.113,0.026,10.75,0.022,10.329,0.021,8.308,0.032,6.106,0.053
J053649.00-055649.2,0.0,12.173,0.021,11.424,0.03,11.224,0.02,11.164,0.024,11.013,0.023,8.676,0.042,5.844,0.048
J192430.18-275157.4,0.0,6.284,0.024,6.385,0.044,6.392,0.029,6.432,0.082,6.291,0.026,6.164,0.015,5.786,0.044
J054343.62-083416.4,0.0,12.916,0.026,11.796,0.024,11.231,0.023,10.599,0.023,10.155,0.018,8.27,0.021,6.13,0.048
J064519.68-421003.7,0.0,7.168,0.026,6.238,0.057,5.846,0.024,5.765,0.099,5.564,0.028,4.771,0.014,3.807,0.019
J032515.17+341031.6,0.0,14.925,0.046,14.096,0.05,13.636,0.047,12.811,0.022,12.468,0.025,8.187,0.02,5.214,0.036
J073625.23-615225.8,0.0,7.79,0.027,7.672,0.053,7.531,0.018,7.444,0.033,7.477,0.02,7.305,0.015,6.984,0.062
J062839.24-322216.2,0.0,6.018,0.023,6.113,0.027,6.091,0.02,6.096,0.101,5.858,0.039,5.697,0.015,5.221,0.033
J225855.57+391855.7,0.0,8.724,0.041,7.966,0.046,7.7,0.024,7.528,0.034,7.415,0.019,6.76,0.015,6.367,0.056
J070213.46-491128.4,0.0,16.379,0.101,15.318,0.093,14.309,0.065,12.84,0.023,11.846,0.021,9.183,0.027,6.619,0.063
J052441.03+015438.5,0.0,12.506,0.026,11.492,0.026,10.751,0.023,9.621,0.022,9.049,0.019,7.18,0.018,5.163,0.036
J082800.01-710548.2,0.0,9.642,0.032,9.027,0.03,8.868,0.027,8.679,0.023,8.766,0.02,8.587,0.022,8.02,0.1
J034220.34+320530.9,0.0,13.039,0.023,11.962,0.021,11.47,0.019,11.147,0.022,10.727,0.022,8.616,0.031,6.797,0.079
J034444.71+320402.4,0.0,11.026,0.02,9.937,0.018,9.333,0.014,8.581,0.023,7.996,0.021,6.217,0.017,4.146,0.058
J053300.77-003620.8,0.0,10.216,0.023,9.495,0.022,9.17,0.021,8.543,0.022,8.039,0.02,6.443,0.015,4.816,0.03
J060138.22-144349.0,0.0,10.965,0.023,10.464,0.022,10.094,0.021,9.105,0.023,8.566,0.019,6.158,0.017,3.435,0.024
J055342.42-102214.7,0.0,13.197,0.026,12.273,0.023,11.856,0.021,11.322,0.023,10.886,0.021,8.838,0.034,6.794,0.096
J034640.87+321724.6,0.0,6.478,0.024,6.486,0.018,6.457,0.021,6.381,0.086,6.247,0.027,5.88,0.015,5.291,0.036
J051245.22+084035.1,0.0,12.805,0.023,11.906,0.031,11.347,0.02,10.85,0.023,10.234,0.021,8.356,0.023,6.331,0.06
J051751.49+071219.4,0.0,12.004,0.022,11.187,0.035,10.811,0.021,9.831,0.023,9.28,0.02,7.272,0.02,5.17,0.037
J050228.42+134637.7,0.0,12.433,0.025,10.969,0.023,10.085,0.02,9.217,0.024,8.496,0.02,6.651,0.016,4.837,0.032
J195837.70-034109.1,0.0,8.359,0.026,7.35,0.027,6.933,0.016,6.754,0.066,6.77,0.021,6.123,0.015,5.48,0.047
J051740.83+090514.5,0.0,11.069,0.023,10.295,0.028,9.939,0.022,9.558,0.023,9.323,0.02,7.392,0.017,5.032,0.032
J115533.43-783445.3,0.0,16.873,0.197,16.017,0.178,15.264,0.191,14.314,0.026,12.954,0.024,9.672,0.037,7.149,0.101
J060112.05-095712.3,0.0,13.51,0.026,12.376,0.027,11.675,0.026,11.127,0.023,10.579,0.021,8.048,0.02,5.583,0.042
J063728.68-285405.5,0.0,7.405,0.027,6.486,0.046,6.129,0.021,6.133,0.086,5.989,0.036,4.98,0.015,4.052,0.026
J045912.77+165543.8,0.0,8.191,0.018,8.128,0.02,8.068,0.023,8.036,0.024,8.044,0.021,7.991,0.022,6.819,0.085
J172638.16-634854.0,0.0,7.586,0.018,7.108,0.04,6.907,0.023,6.841,0.07,6.668,0.021,6.405,0.015,5.948,0.041
J205308.70+202237.6,0.0,9.751,0.021,9.165,0.028,8.768,0.02,8.161,0.024,7.404,0.02,4.571,0.014,2.47,0.021
J012138.98+402256.9,0.0,16.066,0.093,15.399,0.119,14.661,0.089,13.931,0.025,13.253,0.028,10.076,0.049,7.278,0.088
J182027.87-660442.9,0.0,8.145,0.023,7.366,0.031,7.013,0.033,6.862,0.061,6.856,0.022,6.316,0.016,5.661,0.039
J032549.83+311023.7,0.0,9.442,0.02,8.733,0.015,8.461,0.013,7.702,0.026,7.5,0.02,6.625,0.017,4.156,0.026
J053118.40-054213.5,0.0,7.816,0.019,7.546,0.034,7.407,0.024,7.293,0.035,7.324,0.021,7.086,0.019,6.626,0.08
J055606.26-381649.2,0.0,8.587,0.023,8.603,0.025,8.58,0.021,8.573,0.023,8.592,0.021,8.45,0.023,7.421,0.093
J070559.97-781020.9,0.0,15.754,0.073,15.225,0.122,14.927,0.132,14.083,0.025,13.286,0.026,10.167,0.04,7.298,0.077
J050815.47-444908.6,0.0,8.23,0.019,7.812,0.031,7.647,0.024,7.595,0.024,7.56,0.019,7.427,0.015,7.1,0.093
J045527.17-662646.8,0.0,16.262,0.125,15.638,,15.621,0.252,14.421,0.036,13.82,0.031,9.446,0.093,6.794,0.088
J045439.87-671306.0,0.0,13.447,0.023,13.498,0.031,13.474,0.039,13.455,0.026,13.497,0.028,11.859,0.164,7.255,0.079
J045300.81-680132.3,0.0,13.981,0.028,14.04,0.039,14.251,0.08,14.12,0.026,14.273,0.033,11.254,0.105,7.665,0.099
J045847.65-661118.2,0.0,15.124,0.047,15.052,0.089,15.262,0.185,15.316,0.037,15.617,0.063,12.502,,6.691,0.067
J045346.37-681612.9,0.0,18.067,,15.442,0.144,13.034,0.032,9.851,0.022,8.088,0.02,5.933,0.014,4.858,0.027
J050416.88-655352.1,0.0,15.996,0.106,15.71,0.168,16.093,,15.58,0.032,15.468,0.054,11.091,0.08,7.605,0.098
J045306.86-695724.6,0.0,16.34,0.152,15.31,,14.622,,13.03,0.024,12.62,0.023,7.525,0.016,5.902,0.042
J050017.46-680143.5,0.0,16.499,0.148,15.61,0.188,15.23,,14.293,0.028,13.947,0.028,8.836,0.025,7.335,0.063
J045605.87-692640.0,0.0,14.827,0.046,14.74,0.08,14.774,0.128,13.858,0.025,13.899,0.03,9.165,0.03,6.996,0.075
J050234.70-690546.7,0.0,15.385,0.055,15.579,0.158,15.25,0.178,15.038,0.029,15.09,0.043,9.277,0.032,7.34,0.084
J050533.79-681109.5,0.0,12.936,0.026,12.643,0.021,12.578,0.026,12.526,0.024,12.56,0.022,10.774,0.072,8.005,0.108
J050347.04-690602.8,0.0,15.451,0.113,15.039,0.134,14.181,,14.314,0.057,14.363,0.056,9.985,0.068,7.654,0.094
J050534.35-682911.0,0.0,14.459,0.039,13.69,0.037,13.455,0.039,13.449,0.026,13.583,0.027,9.879,0.049,7.832,0.089
J050527.88-685635.5,0.0,16.834,0.212,14.356,0.066,12.013,0.029,10.029,0.023,8.411,0.02,6.398,0.014,5.357,0.028
J050833.52-684020.3,0.0,13.017,0.033,12.037,0.034,11.775,0.024,11.619,0.023,11.796,0.021,9.623,0.048,7.359,0.098
J051539.07-664057.3,0.0,16.514,0.145,16.057,,14.924,,15.47,0.032,15.435,0.048,9.88,0.032,7.83,0.092
J051308.33-690803.4,0.0,16.546,0.144,15.39,,14.932,,13.887,0.036,13.216,0.027,8.195,0.022,6.019,0.051
J052138.79-655529.3,0.0,16.423,0.149,17.21,,16.307,,16.0,0.038,16.159,0.081,10.868,0.063,8.013,0.104
J051929.57-674307.0,0.0,15.331,0.071,15.332,0.124,15.22,0.188,14.465,0.029,14.298,0.031,9.287,0.032,7.234,0.064
J051931.15-685341.2,0.0,10.155,0.026,9.245,0.024,8.934,0.021,8.735,0.023,8.846,0.02,8.369,0.02,7.518,0.07
J051822.42-692733.6,0.0,13.564,0.046,12.1,0.035,10.856,0.026,9.213,0.022,8.404,0.019,7.059,0.016,6.774,0.052
J051915.37-694128.4,0.0,14.056,0.04,13.709,0.048,13.581,0.059,13.386,0.054,13.455,0.057,9.337,0.036,7.093,0.076
J052042.74-692115.1,0.0,10.66,0.023,9.753,0.025,9.387,0.025,9.045,0.02,9.121,0.018,8.205,0.018,7.304,0.058
J052400.73-681207.1,0.0,15.286,0.054,15.36,0.13,15.304,0.214,14.94,0.029,15.145,0.044,11.815,0.153,7.782,0.101
J052707.95-665437.1,0.0,16.531,0.148,17.534,,15.914,,14.596,0.027,14.313,0.03,9.203,0.024,7.175,0.064
J052145.42-695226.8,0.0,13.021,0.036,12.088,0.035,11.815,0.034,11.446,0.024,11.626,0.023,9.82,0.091,7.815,0.099
J052607.41-675910.2,0.0,16.11,0.121,15.437,,15.36,,14.112,0.026,13.879,0.026,9.023,0.022,6.677,0.049
J052337.32-695615.9,0.0,15.362,,13.805,0.049,11.859,0.029,9.108,0.023,7.631,0.02,5.553,0.015,4.742,0.024
J052917.52-671330.0,0.0,14.588,0.034,12.191,0.025,10.262,0.021,8.858,0.023,7.218,0.02,4.683,0.014,3.667,0.02
J052537.23-694249.4,0.0,11.069,0.024,9.907,0.022,9.403,0.021,9.107,0.023,9.062,0.02,8.248,0.02,7.486,0.08
J052528.23-695319.2,0.0,12.084,0.028,11.258,0.025,11.067,0.026,10.859,0.022,11.09,0.02,9.089,0.035,7.433,0.081
J052728.95-700152.6,0.0,14.228,0.063,12.467,0.042,10.998,0.029,9.772,0.022,8.816,0.019,7.352,0.022,6.71,0.067
J053132.39-695411.5,0.0,13.499,0.028,12.599,0.029,12.426,0.03,12.268,0.026,12.37,0.025,10.149,0.052,7.816,0.101
J052747.63-714852.7,0.0,13.483,0.029,12.748,0.029,11.768,0.028,10.212,0.021,9.352,0.019,7.376,0.016,5.975,0.038
J040655.92+061720.9,0.0,10.275,0.022,9.973,0.03,9.838,0.02,9.675,0.024,9.348,0.02,5.699,0.015,3.92,0.019
J053749.52-664011.4,0.0,14.591,0.037,14.599,0.067,14.744,0.129,14.795,0.027,14.904,0.038,12.582,0.241,7.782,0.098
J053503.56-690401.2,0.0,16.223,0.151,15.236,0.112,14.786,0.136,12.919,0.027,11.787,0.022,8.043,0.031,5.243,0.042
J054030.81-661737.3,0.0,15.511,0.066,15.099,0.101,14.033,0.075,12.627,0.023,11.32,0.021,6.286,0.015,3.51,0.02
J053751.57-701639.3,0.0,13.79,0.032,12.689,0.032,12.337,0.03,12.141,0.025,12.133,0.024,9.518,0.076,7.631,0.108
J054048.50-693335.9,0.0,9.165,0.023,8.201,0.046,7.711,0.023,7.307,0.038,7.148,0.02,4.926,0.015,3.521,0.026
J054047.31-702512.1,0.0,13.632,0.027,12.364,0.026,11.937,0.024,11.725,0.024,11.744,0.022,9.278,0.031,7.47,0.094
J054512.81-670802.6,0.0,16.118,0.101,16.081,0.238,14.948,,15.139,0.035,14.933,0.045,10.431,0.075,7.875,0.102
J054647.22-694026.2,0.0,14.961,0.043,14.149,0.047,13.981,0.068,13.504,0.026,13.572,0.028,10.582,0.062,7.799,0.086
J054657.92-700933.2,0.0,14.778,0.045,14.837,0.081,14.856,0.148,14.919,0.035,15.053,0.045,12.648,0.247,7.925,0.095
J220044.71-542312.2,0.0,8.983,0.021,8.172,0.029,8.029,0.029,7.946,0.024,8.033,0.02,6.769,0.017,5.893,0.046
J035056.00-204815.9,0.0,12.737,0.026,11.72,0.025,10.822,0.024,9.66,0.022,9.02,0.02,7.629,0.021,5.368,0.04
J004907.87-724918.5,0.0,16.085,0.085,15.389,0.101,15.297,0.15,14.877,0.042,15.293,0.069,10.296,0.051,7.637,0.107
J011102.40-724533.0,0.0,16.274,0.144,15.324,,15.512,,14.942,0.031,14.949,0.049,11.009,0.087,7.302,0.083
J010439.84-724948.2,0.0,15.204,0.066,13.54,0.042,12.076,0.024,9.922,0.023,8.902,0.02,7.655,0.018,7.419,0.102
J011341.20-725049.9,0.0,15.468,0.059,14.893,0.081,14.206,0.076,12.725,0.023,11.675,0.021,6.923,0.016,4.124,0.023
J004655.86-731054.8,0.0,14.462,0.033,14.375,0.062,14.549,0.095,13.767,0.029,13.716,0.032,10.287,0.07,7.062,0.084
J004530.29-731240.7,0.0,15.537,0.087,15.239,0.119,15.026,0.175,13.038,0.025,12.831,0.025,7.975,0.021,4.407,0.028
J004518.17-731525.0,0.0,12.323,0.026,11.78,0.028,11.624,0.023,11.452,0.023,11.576,0.021,11.038,0.168,7.077,0.084
J012523.32-731638.7,0.0,15.816,0.09,15.093,,15.581,0.209,15.198,0.032,15.289,0.062,11.642,0.143,7.554,0.107
J002759.31-742404.0,0.0,16.082,0.119,15.682,0.144,15.34,,14.689,0.029,14.543,0.042,10.571,0.061,7.354,0.086
J020116.67-735926.4,0.0,16.159,0.125,15.507,0.135,14.786,0.138,13.796,0.024,13.436,0.027,9.411,0.028,7.507,0.099
J043930.11-323306.5,0.0,8.663,0.03,8.112,0.029,7.696,0.023,7.254,0.045,6.854,0.022,5.157,0.015,3.427,0.021
J220129.67+012956.4,0.0,15.691,0.055,15.108,0.08,13.933,0.043,12.544,0.024,11.482,0.021,8.721,0.029,6.472,0.065
J222546.24-304136.9,0.0,15.862,0.097,15.236,0.123,14.769,0.104,13.878,0.026,13.62,0.036,9.507,0.042,7.138,0.095
J233021.79+062531.1,0.0,7.853,0.023,7.614,0.034,7.534,0.027,7.357,0.034,7.426,0.02,7.215,0.017,6.867,0.081
J034838.14-274913.5,0.0,16.77,0.164,16.307,0.233,15.531,0.236,14.185,0.026,13.052,0.026,9.823,0.042,7.421,0.101
J000419.19-303934.9,0.0,10.514,0.024,9.08,0.025,8.232,0.023,7.035,0.047,6.584,0.023,4.047,0.015,2.819,0.023
J023507.40-350842.6,0.0,16.898,0.189,16.133,0.19,15.177,0.132,13.804,0.025,12.531,0.022,9.113,0.028,6.493,0.049
